Data,Nowe przypadki,Nowe zgony,Nowe wyzdrowienia,Zmiana liczby nieaktywnych przypadków,Zmiana liczby aktywnych przypadków,Suma potwierdzonych przypadków,Suma zgonów,Suma wyzdrowień,Liczba nieaktywnych przypadków,Liczba aktywnych przypadków
2020-03-02,+ 0,0,0,0,+ 0,0,0,0,0,0
2020-03-03,+ 0,0,0,0,+ 0,0,0,0,0,0
2020-03-04,+ 1,0,0,0,+ 1,1,0,0,0,1
2020-03-05,+ 0,0,0,0,+ 0,1,0,0,0,1
2020-03-06,+ 4,0,0,0,+ 4,5,0,0,0,5
2020-03-07,+ 1,0,0,0,+ 1,6,0,0,0,6
2020-03-08,+ 5,0,0,0,+ 5,11,0,0,0,11
2020-03-09,+ 6,0,0,0,+ 6,17,0,0,0,17
2020-03-10,+ 5,0,0,0,+ 5,22,0,0,0,22
2020-03-11,+ 9,0,0,0,+ 9,31,0,0,0,31
2020-03-12,+ 20,+ 1,0,+ 1,+ 19,51,1,0,1,50
2020-03-13,+ 17,+ 1,0,+ 1,+ 16,68,2,0,2,66
2020-03-14,+ 36,+ 1,0,+ 1,+ 35,104,3,0,3,101
2020-03-15,+ 21,0,0,0,+ 21,125,3,0,3,122
2020-03-16,+ 52,+ 1,0,+ 1,+ 51,177,4,0,4,173
2020-03-17,+ 61,+ 1,+ 1,+ 2,+ 59,238,5,1,6,232
2020-03-18,+ 49,0,0,0,+ 49,287,5,1,6,281
2020-03-19,+ 68,0,0,0,+ 68,355,5,1,6,349
2020-03-20,+ 70,0,0,0,+ 70,425,5,1,6,419
2020-03-21,+ 111,0,0,0,+ 111,536,5,1,6,530
2020-03-22,+ 98,+ 2,0,+ 2,+ 96,634,7,1,8,626
2020-03-23,+ 115,+ 1,0,+ 1,+ 114,749,8,1,9,740
2020-03-24,+ 152,+ 2,0,+ 2,+ 150,901,10,1,11,890
2020-03-25,+ 150,+ 3,0,+ 3,+ 147,1051,13,1,14,1037
2020-03-26,+ 170,+ 3,0,+ 3,+ 167,1221,16,1,17,1204
2020-03-27,+ 168,0,0,0,+ 168,1389,16,1,17,1372
2020-03-28,+ 249,+ 2,0,+ 2,+ 247,1638,18,1,19,1619
2020-03-29,+ 224,+ 4,0,+ 4,+ 220,1862,22,1,23,1839
2020-03-30,+ 193,+ 9,0,+ 9,+ 184,2055,31,1,32,2023
2020-03-31,+ 256,+ 2,0,+ 2,+ 254,2311,33,1,34,2277
2020-04-01,+ 243,+ 10,0,+ 10,+ 233,2554,43,1,44,2510
2020-04-02,+ 392,+ 14,0,+ 14,+ 378,2946,57,1,58,2888
2020-04-03,+ 437,+ 14,0,+ 14,+ 423,3383,71,1,72,3311
2020-04-04,+ 244,+ 8,+ 115,+ 123,+ 121,3627,79,116,195,3432
2020-04-05,+ 475,+ 15,+ 18,+ 33,+ 442,4102,94,134,228,3874
2020-04-06,+ 311,+ 13,+ 28,+ 41,+ 270,4413,107,162,269,4144
2020-04-07,+ 435,+ 22,+ 29,+ 51,+ 384,4848,129,191,320,4528
2020-04-08,+ 357,+ 29,+ 31,+ 60,+ 297,5205,158,222,380,4825
2020-04-09,+ 370,+ 16,+ 62,+ 78,+ 292,5575,174,284,458,5117
2020-04-10,+ 380,+ 7,+ 34,+ 41,+ 339,5955,181,318,499,5456
2020-04-11,+ 401,+ 27,+ 57,+ 84,+ 317,6356,208,375,583,5773
2020-04-12,+ 318,+ 24,+ 64,+ 88,+ 230,6674,232,439,671,6003
2020-04-13,+ 258,+ 13,+ 48,+ 61,+ 197,6932,245,487,732,6200
2020-04-14,+ 270,+ 18,+ 131,+ 149,+ 121,7202,263,618,881,6321
2020-04-15,+ 380,+ 23,+ 50,+ 73,+ 307,7582,286,668,954,6628
2020-04-16,+ 336,+ 28,+ 106,+ 134,+ 202,7918,314,774,1088,6830
2020-04-17,+ 457,+ 18,+ 92,+ 110,+ 347,8375,332,866,1198,7177
2020-04-18,+ 334,+ 15,+ 115,+ 130,+ 204,8709,347,981,1328,7381
2020-04-19,+ 515,+ 13,+ 59,+ 72,+ 443,9224,360,1040,1400,7824
2020-04-20,+ 306,+ 20,+ 93,+ 113,+ 193,9530,380,1133,1513,8017
2020-04-21,+ 263,+ 20,+ 164,+ 184,+ 79,9793,400,1297,1697,8096
2020-04-22,+ 313,+ 25,+ 216,+ 241,+ 72,10106,425,1513,1938,8168
2020-04-23,+ 342,+ 28,+ 227,+ 255,+ 87,10448,453,1740,2193,8255
2020-04-24,+ 381,+ 40,+ 204,+ 244,+ 137,10829,493,1944,2437,8392
2020-04-25,+ 381,+ 30,+ 182,+ 212,+ 169,11210,523,2126,2649,8561
2020-04-26,+ 344,+ 12,+ 139,+ 151,+ 193,11554,535,2265,2800,8754
2020-04-27,+ 285,+ 26,+ 201,+ 227,+ 58,11839,561,2466,3027,8812
2020-04-28,+ 316,+ 34,+ 189,+ 223,+ 93,12155,595,2655,3250,8905
2020-04-29,+ 422,+ 28,+ 370,+ 398,+ 24,12577,623,3025,3648,8929
2020-04-30,+ 300,+ 20,+ 211,+ 231,+ 69,12877,643,3236,3879,8998
2020-05-01,+ 228,+ 7,+ 255,+ 262,-34,13105,650,3491,4141,8964
2020-05-02,+ 270,+ 12,+ 271,+ 283,-13,13375,662,3762,4424,8951
2020-05-03,+ 318,+ 15,+ 183,+ 198,+ 120,13693,677,3945,4622,9071
2020-05-04,+ 313,+ 19,+ 150,+ 169,+ 144,14006,696,4095,4791,9215
2020-05-05,+ 406,+ 19,+ 185,+ 204,+ 202,14412,715,4280,4995,9417
2020-05-06,+ 311,+ 18,+ 375,+ 393,-82,14723,733,4655,5388,9335
2020-05-07,+ 303,+ 22,+ 207,+ 229,+ 74,15026,755,4862,5617,9409
2020-05-08,+ 337,+ 20,+ 322,+ 342,-5,15363,775,5184,5959,9404
2020-05-09,+ 288,+ 9,+ 253,+ 262,+ 26,15651,784,5437,6221,9430
2020-05-10,+ 345,+ 15,+ 261,+ 276,+ 69,15996,799,5698,6497,9499
2020-05-11,+ 330,+ 11,+ 118,+ 129,+ 201,16326,810,5816,6626,9700
2020-05-12,+ 556,+ 28,+ 315,+ 343,+ 213,16882,838,6131,6969,9913
2020-05-13,+ 322,+ 23,+ 279,+ 302,+ 20,17204,861,6410,7271,9933
2020-05-14,+ 411,+ 22,+ 286,+ 308,+ 103,17615,883,6696,7579,10036
2020-05-15,+ 401,+ 24,+ 222,+ 246,+ 155,18016,907,6918,7825,10191
2020-05-16,+ 241,+ 8,+ 257,+ 265,-24,18257,915,7175,8090,10167
2020-05-17,+ 272,+ 10,+ 276,+ 286,-14,18529,925,7451,8376,10153
2020-05-18,+ 356,+ 11,+ 177,+ 188,+ 168,18885,936,7628,8564,10321
2020-05-19,+ 382,+ 12,+ 275,+ 287,+ 95,19267,948,7903,8851,10416
2020-05-20,+ 471,+ 14,+ 280,+ 294,+ 177,19738,962,8183,9145,10593
2020-05-21,+ 403,+ 10,+ 269,+ 279,+ 124,20141,972,8452,9424,10717
2020-05-22,+ 471,+ 10,+ 279,+ 289,+ 182,20612,982,8731,9713,10899
2020-05-23,+ 315,+ 11,+ 246,+ 257,+ 58,20927,993,8977,9970,10957
2020-05-24,+ 361,+ 3,+ 217,+ 220,+ 141,21288,996,9194,10190,11098
2020-05-25,+ 341,+ 11,+ 82,+ 93,+ 248,21629,1007,9276,10283,11346
2020-05-26,+ 443,+ 17,+ 744,+ 761,-318,22072,1024,10020,11044,11028
2020-05-27,+ 397,+ 4,+ 310,+ 314,+ 83,22469,1028,10330,11358,11111
2020-05-28,+ 352,+ 10,+ 230,+ 240,+ 112,22821,1038,10560,11598,11223
2020-05-29,+ 332,+ 13,+ 132,+ 145,+ 187,23153,1051,10692,11743,11410
2020-05-30,+ 412,+ 10,+ 324,+ 334,+ 78,23565,1061,11016,12077,11488
2020-05-31,+ 219,+ 3,+ 255,+ 258,-39,23784,1064,11271,12335,11449
2020-06-01,+ 375,+ 10,+ 178,+ 188,+ 187,24159,1074,11449,12523,11636
2020-06-02,+ 236,+ 18,+ 277,+ 295,-59,24395,1092,11726,12818,11577
2020-06-03,+ 292,+ 23,+ 288,+ 311,-19,24687,1115,12014,13129,11558
2020-06-04,+ 361,+ 2,+ 213,+ 215,+ 146,25048,1117,12227,13344,11704
2020-06-05,+ 362,+ 20,+ 183,+ 203,+ 159,25410,1137,12410,13547,11863
2020-06-06,+ 576,+ 14,+ 231,+ 245,+ 331,25986,1151,12641,13792,12194
2020-06-07,+ 575,+ 4,+ 214,+ 218,+ 357,26561,1155,12855,14010,12551
2020-06-08,+ 599,+ 9,+ 143,+ 152,+ 447,27160,1164,12998,14162,12998
2020-06-09,+ 400,+ 19,+ 198,+ 217,+ 183,27560,1183,13196,14379,13181
2020-06-10,+ 282,+ 23,+ 215,+ 238,+ 44,27842,1206,13411,14617,13225
2020-06-11,+ 359,+ 9,+ 285,+ 294,+ 65,28201,1215,13696,14911,13290
2020-06-12,+ 376,+ 7,+ 109,+ 116,+ 260,28577,1222,13805,15027,13550
2020-06-13,+ 440,+ 15,+ 299,+ 314,+ 126,29017,1237,14104,15341,13676
2020-06-14,+ 375,+ 10,+ 122,+ 132,+ 243,29392,1247,14226,15473,13919
2020-06-15,+ 396,+ 9,+ 157,+ 166,+ 230,29788,1256,14383,15639,14149
2020-06-16,+ 407,+ 16,+ 271,+ 287,+ 120,30195,1272,14654,15926,14269
2020-06-17,+ 450,+ 14,+ 267,+ 281,+ 169,30645,1286,14921,16207,14438
2020-06-18,+ 314,+ 30,+ 396,+ 426,-112,30959,1316,15317,16633,14326
2020-06-19,+ 352,+ 18,+ 381,+ 399,-47,31311,1334,15698,17032,14279
2020-06-20,+ 309,+ 12,+ 483,+ 495,-186,31620,1346,16181,17527,14093
2020-06-21,+ 311,+ 10,+ 502,+ 512,-201,31931,1356,16683,18039,13892
2020-06-22,+ 296,+ 3,+ 393,+ 396,-100,32227,1359,17076,18435,13792
2020-06-23,+ 300,+ 16,+ 497,+ 513,-213,32527,1375,17573,18948,13579
2020-06-24,+ 294,+ 21,+ 561,+ 582,-288,32821,1396,18134,19530,13291
2020-06-25,+ 289,+ 16,+ 520,+ 536,-247,33110,1412,18654,20066,13044
2020-06-26,+ 285,+ 17,+ 564,+ 581,-296,33395,1429,19218,20647,12748
2020-06-27,+ 319,+ 6,+ 754,+ 760,-441,33714,1435,19972,21407,12307
2020-06-28,+ 193,+ 4,+ 576,+ 580,-387,33907,1439,20548,21987,11920
2020-06-29,+ 247,+ 6,+ 349,+ 355,-108,34154,1445,20897,22342,11812
2020-06-30,+ 239,+ 19,+ 384,+ 403,-164,34393,1464,21281,22745,11648
2020-07-01,+ 382,+ 14,+ 510,+ 524,-142,34775,1478,21791,23269,11506
2020-07-02,+ 371,+ 15,+ 418,+ 433,-62,35146,1493,22209,23702,11444
2020-07-03,+ 259,+ 14,+ 442,+ 456,-197,35405,1507,22651,24158,11247
2020-07-04,+ 314,+ 4,+ 476,+ 480,-166,35719,1511,23127,24638,11081
2020-07-05,+ 231,+ 5,+ 619,+ 624,-393,35950,1516,23746,25262,10688
2020-07-06,+ 205,+ 4,+ 220,+ 224,-19,36155,1520,23966,25486,10669
2020-07-07,+ 257,+ 7,+ 272,+ 279,-22,36412,1527,24238,25765,10647
2020-07-08,+ 277,+ 15,+ 640,+ 655,-378,36689,1542,24878,26420,10269
2020-07-09,+ 262,+ 9,+ 599,+ 608,-346,36951,1551,25477,27028,9923
2020-07-10,+ 265,+ 11,+ 571,+ 582,-317,37216,1562,26048,27610,9606
2020-07-11,+ 305,+ 6,+ 587,+ 593,-288,37521,1568,26635,28203,9318
2020-07-12,+ 370,+ 3,+ 513,+ 516,-146,37891,1571,27148,28719,9172
2020-07-13,+ 299,+ 5,+ 367,+ 372,-73,38190,1576,27515,29091,9099
2020-07-14,+ 267,+ 12,+ 241,+ 253,+ 14,38457,1588,27756,29344,9113
2020-07-15,+ 264,+ 6,+ 736,+ 742,-478,38721,1594,28492,30086,8635
2020-07-16,+ 333,+ 10,+ 436,+ 446,-113,39054,1604,28928,30532,8522
2020-07-17,+ 353,+ 7,+ 577,+ 584,-231,39407,1611,29505,31116,8291
2020-07-18,+ 339,+ 6,+ 419,+ 425,-86,39746,1617,29924,31541,8205
2020-07-19,+ 358,+ 6,+ 368,+ 374,-16,40104,1623,30292,31915,8189
2020-07-20,+ 279,+ 4,+ 247,+ 251,+ 28,40383,1627,30539,32166,8217
2020-07-21,+ 399,+ 9,+ 232,+ 241,+ 158,40782,1636,30771,32407,8375
2020-07-22,+ 380,+ 6,+ 368,+ 374,+ 6,41162,1642,31139,32781,8381
2020-07-23,+ 418,+ 9,+ 402,+ 411,+ 7,41580,1651,31541,33192,8388
2020-07-24,+ 458,+ 4,+ 456,+ 460,-2,42038,1655,31997,33652,8386
2020-07-25,+ 584,+ 9,+ 422,+ 431,+ 153,42622,1664,32419,34083,8539
2020-07-26,+ 443,+ 7,+ 334,+ 341,+ 102,43065,1671,32753,34424,8641
2020-07-27,+ 337,+ 5,+ 103,+ 108,+ 229,43402,1676,32856,34532,8870
2020-07-28,+ 502,+ 6,+ 187,+ 193,+ 309,43904,1682,33043,34872,9032
2020-07-29,+ 512,+ 12,+ 147,+ 159,+ 353,44416,1697,33190,34887,9632
2020-07-30,+ 615,+ 15,+ 453,+ 468,+ 147,45031,1709,33643,35352,9679
2020-07-31,+ 657,+ 7,+ 344,+ 351,+ 306,45688,1716,33987,35703,9985
2020-08-01,+ 658,+ 5,+ 387,+ 392,+ 266,46346,1721,34374,36095,10251
2020-08-02,+ 548,+ 10,+ 335,+ 345,+ 203,46894,1731,34709,36440,10454
2020-08-03,+ 575,+ 1,+ 172,+ 173,+ 402,47469,1732,34881,36613,10856
2020-08-04,+ 680,+ 6,+ 175,+ 181,+ 499,48149,1738,35056,36794,11355
2020-08-05,+ 640,+ 18,+ 265,+ 283,+ 357,48789,1756,35321,37077,11712
2020-08-06,+ 726,+ 18,+ 321,+ 339,+ 387,49515,1774,35642,37416,12099
2020-08-07,+ 809,+ 13,+ 399,+ 412,+ 397,50324,1787,36041,37828,12496
2020-08-08,+ 843,+ 13,+ 362,+ 375,+ 468,51167,1800,36403,38203,12964
2020-08-09,+ 624,+ 7,+ 288,+ 295,+ 329,51791,1807,36691,38498,13293
2020-08-10,+ 619,+ 2,+ 186,+ 188,+ 431,52410,1809,36877,38686,13724
2020-08-11,+ 551,+ 12,+ 273,+ 285,+ 266,52961,1821,37150,38971,13990
2020-08-12,+ 715,+ 9,+ 461,+ 470,+ 245,53676,1830,37611,39441,14235
2020-08-13,+ 811,+ 13,+ 350,+ 363,+ 448,54487,1843,37961,39804,14683
2020-08-14,+ 832,+ 15,+ 401,+ 416,+ 416,55319,1858,38362,40220,15099
2020-08-15,+ 771,+ 11,+ 491,+ 502,+ 269,56090,1869,38853,40722,15368
2020-08-16,+ 594,+ 8,+ 277,+ 285,+ 309,56684,1877,39130,41007,15677
2020-08-17,+ 595,+ 8,+ 229,+ 237,+ 358,57279,1885,39359,41244,16035
2020-08-18,+ 597,+ 11,+ 284,+ 295,+ 302,57876,1896,39643,41539,16337
2020-08-19,+ 735,+ 17,+ 456,+ 473,+ 262,58611,1913,40099,42012,16599
2020-08-20,+ 767,+ 12,+ 382,+ 394,+ 373,59378,1925,40481,42406,16972
2020-08-21,+ 903,+ 13,+ 548,+ 561,+ 342,60281,1938,41029,42967,17314
2020-08-22,+ 900,+ 13,+ 632,+ 645,+ 255,61181,1951,41661,43612,17569
2020-08-23,+ 581,+ 4,+ 522,+ 526,+ 55,61762,1955,42183,44138,17624
2020-08-24,+ 548,+ 5,+ 265,+ 270,+ 278,62310,1960,42448,44408,17902
2020-08-25,+ 763,+ 17,+ 336,+ 353,+ 410,63073,1977,42784,44761,18312
2020-08-26,+ 729,+ 17,+ 615,+ 632,+ 97,63802,1994,43399,45393,18409
2020-08-27,+ 887,+ 15,+ 698,+ 713,+ 174,64689,2009,44097,46106,18583
2020-08-28,+ 791,+ 9,+ 688,+ 697,+ 94,65480,2018,44785,46803,18677
2020-08-29,+ 759,+ 14,+ 751,+ 765,-6,66239,2032,45536,47568,18671
2020-08-30,+ 631,+ 1,+ 656,+ 657,-26,66870,2033,46192,48225,18645
2020-08-31,+ 502,+ 6,+ 446,+ 452,+ 50,67372,2039,46638,48677,18695
2020-09-01,+ 550,+ 19,+ 392,+ 411,+ 139,67922,2058,47030,49088,18834
2020-09-02,+ 595,+ 20,+ 835,+ 855,-260,68517,2078,47865,49943,18574
2020-09-03,+ 612,+ 14,+ 728,+ 742,-130,69129,2092,48593,50685,18444
2020-09-04,+ 691,+ 8,+ 1227,+ 1235,-544,69820,2100,49820,51920,17900
2020-09-05,+ 567,+ 13,+ 2526,+ 2539,-1 972,70387,2113,52346,54459,15928
2020-09-06,+ 437,+ 7,+ 1910,+ 1917,-1 480,70824,2120,54256,56376,14448
2020-09-07,+ 302,+ 3,+ 857,+ 860,-558,71126,2123,55113,57236,13890
2020-09-08,+ 400,+ 12,+ 797,+ 809,-409,71526,2135,55910,58045,13481
2020-09-09,+ 421,+ 11,+ 1225,+ 1236,-815,71947,2146,57135,59281,12666
2020-09-10,+ 506,+ 12,+ 934,+ 946,-440,72453,2158,58069,60227,12226
2020-09-11,+ 594,+ 10,+ 779,+ 789,-195,73047,2168,58848,61016,12031
2020-09-12,+ 603,+ 13,+ 877,+ 890,-287,73650,2181,59725,61906,11744
2020-09-13,+ 502,+ 6,+ 934,+ 940,-438,74152,2187,60659,62846,11306
2020-09-14,+ 377,+ 15,+ 438,+ 453,-76,74529,2202,61097,63299,11230
2020-09-15,+ 605,+ 24,+ 451,+ 475,+ 130,75134,2226,61548,63774,11360
2020-09-16,+ 600,+ 10,+ 562,+ 572,+ 28,75734,2236,62110,64346,11388
2020-09-17,+ 837,+ 16,+ 615,+ 631,+ 206,76571,2252,62725,64977,11594
2020-09-18,+ 757,+ 17,+ 587,+ 604,+ 153,77328,2269,63312,65581,11747
2020-09-19,+ 1002,+ 12,+ 549,+ 561,+ 441,78330,2281,63861,66142,12188
2020-09-20,+ 910,+ 11,+ 441,+ 452,+ 458,79240,2292,64302,66594,12646
2020-09-21,+ 748,+ 5,+ 302,+ 307,+ 441,79988,2297,64604,66901,13087
2020-09-22,+ 711,+ 18,+ 368,+ 386,+ 325,80699,2315,64972,67287,13412
2020-09-23,+ 974,+ 28,+ 589,+ 617,+ 357,81673,2343,65561,67904,13769
2020-09-24,+ 1136,+ 25,+ 597,+ 622,+ 514,82809,2368,66158,68526,14283
2020-09-25,+ 1587,+ 23,+ 582,+ 605,+ 982,84396,2391,66740,69131,15265
2020-09-26,+ 1584,+ 32,+ 586,+ 618,+ 966,85980,2423,67326,69749,16231
2020-09-27,+ 1350,+ 8,+ 578,+ 586,+ 764,87330,2431,67904,70335,16995
2020-09-28,+ 1306,+ 15,+ 516,+ 531,+ 775,88636,2446,68420,70866,17770
2020-09-29,+ 1326,+ 36,+ 535,+ 571,+ 755,89962,2482,68955,71437,18525
2020-09-30,+ 1552,+ 30,+ 740,+ 770,+ 782,91514,2512,69695,72207,19307
2020-10-01,+ 1967,+ 30,+ 706,+ 736,+ 1231,93481,2542,70401,72943,20538
2020-10-02,+ 2292,+ 27,+ 952,+ 979,+ 1313,95773,2569,71353,73922,21851
2020-10-03,+ 2367,+ 34,+ 856,+ 890,+ 1477,98140,2603,72209,74812,23328
2020-10-04,+ 1934,+ 26,+ 794,+ 820,+ 1114,100074,2629,73003,75632,24442
2020-10-05,+ 2006,+ 29,+ 549,+ 578,+ 1428,102080,2658,73552,76210,25870
2020-10-06,+ 2236,+ 58,+ 606,+ 664,+ 1572,104316,2716,74158,76874,27442
2020-10-07,+ 3003,+ 75,+ 1188,+ 1263,+ 1740,107319,2791,75346,78137,29182
2020-10-08,+ 4280,+ 76,+ 1144,+ 1220,+ 3060,111599,2867,76490,79357,32242
2020-10-09,+ 4739,+ 52,+ 1385,+ 1437,+ 3302,116338,2919,77875,80794,35544
2020-10-10,+ 5300,+ 53,+ 1107,+ 1160,+ 4140,121638,2972,78982,81954,39684
2020-10-11,+ 4178,+ 31,+ 1320,+ 1351,+ 2827,125816,3003,80302,83305,42511
2020-10-12,+ 4394,+ 35,+ 899,+ 934,+ 3460,130210,3038,81201,84239,45971
2020-10-13,+ 5068,+ 63,+ 803,+ 866,+ 4202,135278,3101,82004,85105,50173
2020-10-14,+ 6526,+ 116,+ 1843,+ 1959,+ 4567,141804,3217,83847,87064,54740
2020-10-15,+ 8099,+ 91,+ 1741,+ 1832,+ 6267,149903,3308,85588,88896,61007
2020-10-16,+ 7705,+ 132,+ 2185,+ 2317,+ 5388,157608,3440,87773,91213,66395
2020-10-17,+ 9622,+ 84,+ 2389,+ 2473,+ 7149,167230,3524,90162,93686,73544
2020-10-18,+ 8536,+ 49,+ 2489,+ 2538,+ 5998,175766,3573,92651,96224,79542
2020-10-19,+ 7482,+ 41,+ 1363,+ 1404,+ 6078,183248,3614,94014,97628,85620
2020-10-20,+ 9291,+ 107,+ 1942,+ 2049,+ 7242,192539,3721,95956,99677,92862
2020-10-21,+ 10040,+ 130,+ 2928,+ 3058,+ 6982,202579,3851,98884,102735,99844
2020-10-22,+ 12107,+ 168,+ 3320,+ 3488,+ 8619,214686,4019,102204,106223,108463
2020-10-23,+ 13632,+ 153,+ 2888,+ 3041,+ 10591,228318,4172,105092,109264,119054
2020-10-24,+ 13628,+ 178,+ 4252,+ 4430,+ 9198,241946,4350,109344,113694,128252
2020-10-25,+ 11742,+ 87,+ 3275,+ 3362,+ 8380,253688,4437,112619,117056,136632
2020-10-26,+ 10241,+ 45,+ 2683,+ 2728,+ 7513,263929,4482,115302,119784,144145
2020-10-27,+ 16300,+ 132,+ 3935,+ 4067,+ 12233,280229,4614,119237,123851,156378
2020-10-28,+ 18820,+ 234,+ 4267,+ 4501,+ 14319,299049,4848,123504,128352,170697
2020-10-29,+ 20156,+ 301,+ 5763,+ 6064,+ 14092,319205,5149,129267,134416,184789
2020-10-30,+ 21629,+ 202,+ 5457,+ 5659,+ 15970,340834,5351,134724,140075,200759
2020-10-31,+ 21897,+ 280,+ 5556,+ 5836,+ 16061,362731,5631,140280,145911,216820
2020-11-01,+ 17171,+ 152,+ 6315,+ 6467,+ 10704,379902,5783,146595,152378,227524
2020-11-02,+ 15578,+ 92,+ 7818,+ 7910,+ 7668,395480,5875,154413,160288,235192
2020-11-03,+ 19364,+ 227,+ 5573,+ 5800,+ 13564,414844,6102,159986,166088,248756
2020-11-04,+ 24692,+ 372,+ 8974,+ 9346,+ 15346,439536,6474,168960,175434,264102
2020-11-05,+ 27143,+ 367,+ 8721,+ 9088,+ 18055,466679,6841,177681,184522,282157
2020-11-06,+ 27086,+ 445,+ 10994,+ 11439,+ 15647,493765,7286,188675,195961,297804
2020-11-07,+ 27875,+ 349,+ 11835,+ 12184,+ 15691,521640,7635,200510,208145,313495
2020-11-08,+ 24785,+ 236,+ 8853,+ 9089,+ 15696,546425,7871,209363,217234,329191
2020-11-09,+ 21713,+ 173,+ 10008,+ 10181,+ 11532,568138,8044,219371,227415,340723
2020-11-10,+ 25454,+ 330,+ 11290,+ 11620,+ 13834,593592,8374,230661,239035,354557
2020-11-11,+ 25221,+ 429,+ 12214,+ 12643,+ 12578,618813,8803,242875,251678,367135
2020-11-12,+ 22683,+ 275,+ 11474,+ 11749,+ 10934,641496,9078,254349,263427,378069
2020-11-13,+ 24051,+ 419,+ 13231,+ 13650,+ 10401,665547,9497,267580,277077,388470
2020-11-14,+ 25571,+ 548,+ 14635,+ 15183,+ 10388,691118,10045,282215,292260,398858
2020-11-15,+ 21854,+ 303,+ 12568,+ 12871,+ 8983,712972,10348,294783,305131,407841
2020-11-16,+ 20816,+ 143,+ 11239,+ 11382,+ 9434,733788,10491,306022,316513,417275
2020-11-17,+ 19152,+ 357,+ 18260,+ 18617,+ 535,752940,10848,324282,335130,417810
2020-11-18,+ 19883,+ 603,+ 18601,+ 19204,+ 679,772823,11451,342883,354334,418489
2020-11-19,+ 23975,+ 637,+ 19003,+ 19640,+ 4335,796798,12088,361886,373974,422824
2020-11-20,+ 22464,+ 626,+ 19914,+ 20540,+ 1924,819262,12714,381800,394514,424748
2020-11-21,+ 24213,+ 574,+ 25275,+ 25849,-1 636,843475,13288,407075,420363,423112
2020-11-22,+ 18467,+ 330,+ 16896,+ 17226,+ 1241,861331,13618,423971,437589,424353
2020-11-23,+ 15002,+ 156,+ 14897,+ 15053,-51,875722,13774,438868,452642,423080
2020-11-24,+ 10139,+ 540,+ 15849,+ 16389,-6 250,909066,14314,454717,469031,416830
2020-11-25,+ 15362,+ 674,+ 14810,+ 15484,-122,924428,14988,469527,484515,439913
2020-11-26,+ 16687,+ 580,+ 25342,+ 25922,-9 235,941115,15568,494869,510437,430678
2020-11-27,+ 17060,+ 579,+ 21767,+ 22346,-5 286,958175,16147,516636,532783,425392
2020-11-28,+ 15178,+ 599,+ 21637,+ 22236,-7 058,973353,16746,538273,555019,418334
2020-11-29,+ 11483,+ 283,+ 21156,+ 21439,-9 956,984836,17029,559429,576458,408378
2020-11-30,+ 5733,+ 121,+ 18085,+ 18206,-12 473,990569,17150,577514,594664,395905
2020-12-01,+ 9105,+ 449,+ 20075,+ 20524,-11 419,999674,17599,597589,615188,384486
2020-12-02,+ 13855,+ 609,+ 25391,+ 26000,-12 145,1013529,18208,622980,641188,372341
2020-12-03,+ 14838,+ 620,+ 23580,+ 24200,-9 362,1028367,18828,646560,665388,362979
2020-12-04,+ 13239,+ 531,+ 19853,+ 20384,-7 145,1041606,19359,666413,685772,355834
2020-12-05,+ 12430,+ 502,+ 21497,+ 21999,-9 569,1054036,19861,687910,707771,346265
2020-12-06,+ 9176,+ 228,+ 18810,+ 19038,-9 862,1063212,20089,706720,726809,336403
2020-12-07,+ 4423,+ 92,+ 15726,+ 15818,-11 395,1067635,20181,722446,742627,325008
2020-12-08,+ 8312,+ 411,+ 16399,+ 16810,-8 498,1075947,20592,738845,759437,316510
2020-12-09,+ 12168,+ 568,+ 29396,+ 29964,-17 796,1088115,21160,768241,789401,298714
2020-12-10,+ 13749,+ 470,+ 23878,+ 24348,-10 599,1101864,21630,792119,813749,288115
2020-12-11,+ 13110,+ 544,+ 23237,+ 23781,-10 671,1114974,22174,815356,837530,277444
2020-12-12,+ 11497,+ 502,+ 25185,+ 25687,-14 190,1126471,22676,840541,863217,263254
2020-12-13,+ 8977,+ 188,+ 18354,+ 18542,-9 565,1135448,22864,858895,881759,253689
2020-12-14,+ 4896,+ 96,+ 10260,+ 10356,-5 460,1140344,22960,869155,892115,248229
2020-12-15,+ 6907,+ 349,+ 10593,+ 10942,-4 035,1147251,23309,879748,903057,244194
2020-12-16,+ 12454,+ 605,+ 12902,+ 13507,-1 053,1159705,23914,892650,916564,243141
2020-12-17,+ 11953,+ 431,+ 10699,+ 11130,+ 823,1171658,24345,903349,927694,243964
2020-12-18,+ 11013,+ 426,+ 12227,+ 12653,-1 640,1182671,24771,915576,940347,242324
2020-12-19,+ 11267,+ 483,+ 12147,+ 12630,-1 363,1193938,25254,927723,952977,240961
2020-12-20,+ 8594,+ 143,+ 10546,+ 10689,-2 095,1202532,25397,938269,963666,238866
2020-12-21,+ 4633,+ 77,+ 7748,+ 7825,-3 192,1207165,25474,946017,971491,235674
2020-12-22,+ 7192,+ 309,+ 8255,+ 8564,-1 372,1214357,25783,954272,980055,234302
2020-12-23,+ 12361,+ 472,+ 10906,+ 11378,+ 983,1226718,26255,965178,991433,235285
2020-12-24,+ 13115,+ 497,+ 10698,+ 11195,+ 1920,1239833,26752,975876,1002628,237205
2020-12-25,+ 9077,+ 240,+ 8807,+ 9047,+ 30,1248910,26992,984683,1011675,237235
2020-12-26,+ 5048,+ 69,+ 7698,+ 7767,-2 719,1253958,27061,992381,1019442,234516
2020-12-27,+ 3678,+ 57,+ 7229,+ 7286,-3 608,1257636,27118,999610,1026728,230908
2020-12-28,+ 3211,+ 29,+ 5766,+ 5795,-2 584,1260847,27147,1005376,1032523,228324
2020-12-29,+ 7914,+ 307,+ 8629,+ 8936,-1 022,1268761,27454,1014005,1041459,227302
2020-12-30,+ 12955,+ 565,+ 11884,+ 12449,+ 506,1281716,28019,1025889,1053908,227808
2020-12-31,+ 13397,+ 532,+ 10249,+ 10781,+ 2616,1295113,28551,1036138,1064689,230424
2021-01-01,+ 11008,+ 400,+ 10143,+ 10543,+ 465,1306121,28951,1046281,1075232,230889
2021-01-02,+ 6945,+ 102,+ 9155,+ 9257,-2 312,1313066,29053,1055436,1084489,228577
2021-01-03,+ 5739,+ 61,+ 7657,+ 7718,-1 979,1318805,29114,1063093,1092207,226598
2021-01-04,+ 4432,+ 42,+ 6461,+ 6503,-2 071,1323237,29156,1069554,1098710,224527
2021-01-05,+ 7624,+ 341,+ 9338,+ 9679,-2 055,1330861,29497,1078892,1108389,222472
2021-01-06,+ 14151,+ 553,+ 8852,+ 9405,+ 4746,1345012,30050,1087744,1117794,227218
2021-01-07,+ 12054,+ 186,+ 7872,+ 8058,+ 3996,1357066,30236,1095616,1125852,231214
2021-01-08,+ 8790,+ 332,+ 8983,+ 9315,-525,1365856,30568,1104599,1135167,230689
2021-01-09,+ 10548,+ 438,+ 9139,+ 9577,+ 971,1376404,31006,1113738,1144744,231660
2021-01-10,+ 9410,+ 177,+ 9580,+ 9757,-347,1385814,31183,1123318,1154501,231313
2021-01-11,+ 4622,+ 75,+ 7142,+ 7217,-2 595,1390436,31258,1130460,1161718,228718
2021-01-12,+ 5569,+ 326,+ 7666,+ 7992,-2 423,1396005,31584,1138126,1169710,226295
2021-01-13,+ 9053,+ 481,+ 8997,+ 9478,-425,1405058,32065,1147123,1179188,225870
2021-01-14,+ 9436,+ 381,+ 8700,+ 9081,+ 355,1414494,32446,1155823,1188269,226225
2021-01-15,+ 7795,+ 386,+ 8827,+ 9213,-1 418,1422289,32832,1164650,1197482,224807
2021-01-16,+ 7412,+ 369,+ 8437,+ 8806,-1 394,1429701,33201,1173087,1206288,223413
2021-01-17,+ 6055,+ 142,+ 8239,+ 8381,-2 326,1435756,33343,1181326,1214669,221087
2021-01-18,+ 3271,+ 52,+ 6393,+ 6445,-3 174,1439027,33395,1187719,1221114,217913
2021-01-19,+ 4835,+ 291,+ 9315,+ 9606,-4 771,1443862,33686,1197034,1230720,213142
2021-01-20,+ 6919,+ 443,+ 10325,+ 10768,-3 849,1450781,34129,1207359,1241488,209293
2021-01-21,+ 7152,+ 419,+ 8373,+ 8792,-1 640,1457933,34548,1215732,1250280,207653
2021-01-22,+ 6640,+ 346,-2 720,-2 374,+ 9014,1464573,34894,1213012,1247906,216667
2021-01-23,+ 6322,+ 346,+ 9770,+ 10116,-3 794,1470895,35240,1222782,1258022,212873
2021-01-24,+ 4683,+ 110,+ 7664,+ 7774,-3 091,1475578,35350,1230446,1265796,209782
2021-01-25,+ 2419,+ 38,+ 7290,+ 7328,-4 909,1477997,35388,1237736,1273124,204873
2021-01-26,+ 4604,+ 264,+ 5839,+ 6103,-1 499,1482601,35652,1243575,1279227,203374
2021-01-27,+ 6789,+ 389,+ 2692,+ 3081,+ 3708,1489390,36041,1246267,1282308,207082
2021-01-28,+ 7156,+ 389,+ 4625,+ 5014,+ 2142,1496546,36430,1250892,1287322,209224
2021-01-29,+ 6144,+ 336,+ 6460,+ 6796,-652,1502690,36766,1257352,1294118,208572
2021-01-30,+ 5864,+ 303,+ 7222,+ 7525,-1 661,1508554,37069,1264574,1301643,206911
2021-01-31,+ 4706,+ 98,+ 5893,+ 5991,-1 285,1513260,37167,1270467,1307634,205626
2021-02-01,+ 2503,+ 42,+ 6169,+ 6211,-3 708,1515763,37209,1276636,1313845,201918
2021-02-02,+ 4326,+ 253,+ 4760,+ 5013,-687,1520089,37462,1281396,1318858,201231
2021-02-03,+ 6802,+ 421,+ 2302,+ 2723,+ 4079,1526891,37883,1283698,1321581,205310
2021-02-04,+ 6496,+ 444,+ 4465,+ 4909,+ 1587,1533387,38327,1288163,1326490,206897
2021-02-05,+ 6053,+ 368,+ 6524,+ 6892,-839,1539440,38695,1294687,1333382,206058
2021-02-06,+ 5965,+ 283,+ 6884,+ 7167,-1 202,1545405,38978,1301571,1340549,204856
2021-02-07,+ 4728,+ 93,+ 5590,+ 5683,-955,1550133,39071,1307161,1346232,203901
2021-02-08,+ 2431,+ 45,+ 5695,+ 5740,-3 309,1552564,39116,1312856,1351972,200592
2021-02-09,+ 4029,+ 227,+ 4618,+ 4845,-816,1556593,39343,1317474,1356817,199776
2021-02-10,+ 6930,+ 360,+ 2161,+ 2521,+ 4409,1563523,39703,1319635,1359338,204185
2021-02-11,+ 7008,+ 456,+ 4466,+ 4922,+ 2086,1570531,40159,1324101,1364260,206271
2021-02-12,+ 6379,+ 247,+ 6026,+ 6273,+ 106,1576910,40406,1330127,1370533,206377
2021-02-13,+ 6586,+ 284,+ 6340,+ 6624,-38,1583496,40690,1336467,1377157,206339
2021-02-14,+ 5334,+ 98,+ 5564,+ 5662,-328,1588830,40788,1342031,1382819,206011
2021-02-15,+ 2543,+ 25,+ 5639,+ 5664,-3 121,1591373,40813,1347670,1388483,202890
2021-02-16,+ 5178,+ 196,+ 4773,+ 4969,+ 209,1596551,41009,1352443,1393452,203099
2021-02-17,+ 8694,+ 279,+ 2155,+ 2434,+ 6260,1605245,41288,1354598,1395886,209359
2021-02-18,+ 9073,+ 273,+ 4068,+ 4341,+ 4732,1614318,41561,1358666,1400227,214091
2021-02-19,+ 8777,+ 241,+ 6550,+ 6791,+ 1986,1623095,41802,1365216,1407018,216077
2021-02-20,+ 8510,+ 254,+ 7110,+ 7364,+ 1146,1631605,42056,1372326,1414382,217223
2021-02-21,+ 7038,+ 94,+ 6088,+ 6182,+ 856,1638643,42150,1378414,1420564,218079
2021-02-22,+ 3890,+ 17,+ 5959,+ 5976,-2 086,1642533,42167,1384373,1426540,215993
2021-02-23,+ 6310,+ 247,+ 5143,+ 5390,+ 920,1648843,42414,1389516,1431930,216913
2021-02-24,+ 12146,+ 372,+ 2465,+ 2837,+ 9309,1660989,42786,1391981,1434767,226222
2021-02-25,+ 12142,+ 286,+ 5361,+ 5647,+ 6495,1673131,43072,1397342,1440414,232717
2021-02-26,+ 11539,+ 259,+ 8210,+ 8469,+ 3070,1684670,43331,1405552,1448883,235787
2021-02-27,+ 12100,+ 303,+ 8909,+ 9212,+ 2888,1696770,43634,1414461,1458095,238675
2021-02-28,+ 10099,+ 114,+ 8368,+ 8482,+ 1617,1706869,43748,1422829,1466577,240292
2021-03-01,+ 4786,+ 24,+ 8032,+ 8056,-3 270,1711655,43772,1430861,1474633,237022
2021-03-02,+ 7937,+ 216,+ 7171,+ 7387,+ 550,1719592,43988,1438032,1482020,237572
2021-03-03,+ 15698,+ 309,+ 3447,+ 3756,+ 11942,1735290,44297,1441479,1485776,249514
2021-03-04,+ 15250,+ 289,+ 7140,+ 7429,+ 7821,1750540,44586,1448619,1493205,257335
2021-03-05,+ 15829,+ 263,+ 10945,+ 11208,+ 4621,1766369,44849,1459564,1504413,261956
2021-03-06,+ 14857,+ 245,+ 12044,+ 12289,+ 2568,1781226,45094,1471608,1516702,264524
2021-03-07,+ 13574,+ 126,+ 10960,+ 11086,+ 2488,1794800,45220,1482568,1527788,267012
2021-03-08,+ 6170,+ 32,+ 11515,+ 11547,-5 377,1800970,45252,1494083,1539335,261635
2021-03-09,+ 9954,+ 282,+ 9270,+ 9552,+ 402,1810924,45534,1503353,1548887,262037
2021-03-10,+ 17260,+ 398,+ 4552,+ 4950,+ 12310,1828184,45932,1507905,1553837,274347
2021-03-11,+ 21045,+ 375,+ 8635,+ 9010,+ 12035,1849229,46307,1516540,1562847,286382
2021-03-12,+ 18775,+ 351,+ 13944,+ 14295,+ 4480,1868004,46658,1530484,1577142,290862
2021-03-13,+ 21049,+ 343,+ 15667,+ 16010,+ 5039,1889053,47001,1546151,1593152,295901
2021-03-14,+ 17259,+ 110,+ 14076,+ 14186,+ 3073,1906312,47111,1560227,1607338,298974
2021-03-15,+ 10896,+ 28,+ 14228,+ 14256,-3 360,1917208,47139,1574455,1621594,295614
2021-03-16,+ 14396,+ 372,+ 12709,+ 13081,+ 1315,1931604,47511,1587164,1634675,296929
2021-03-17,+ 25052,+ 453,+ 6001,+ 6454,+ 18598,1956656,47964,1593165,1641129,315527
2021-03-18,+ 27278,+ 356,+ 10667,+ 11023,+ 16255,1983934,48320,1603832,1652152,331782
2021-03-19,+ 25998,+ 419,+ 16440,+ 16859,+ 9139,2009932,48739,1620272,1669011,340921
2021-03-20,+ 26405,+ 349,+ 19778,+ 20127,+ 6278,2036337,49088,1640050,1689138,347199
2021-03-21,+ 21849,+ 140,+ 16777,+ 16917,+ 4932,2058186,49228,1656827,1706055,352131
2021-03-22,+ 14578,+ 65,+ 19181,+ 19246,-4 668,2072764,49293,1676008,1725301,347463
2021-03-23,+ 16741,+ 396,+ 17867,+ 18263,-1 522,2089505,49689,1693875,1743564,345941
2021-03-24,+ 29978,+ 575,+ 13971,+ 14546,+ 15432,2119483,50264,1707846,1758110,361373
2021-03-25,+ 34151,+ 520,+ 15010,+ 15530,+ 18621,2153634,50784,1722856,1773640,379994
2021-03-26,+ 35143,+ 443,+ 24367,+ 24810,+ 10333,2188777,51227,1747223,1798450,390327
2021-03-27,+ 31757,+ 448,+ 27845,+ 28293,+ 3464,2220534,51675,1775068,1826743,393791
2021-03-28,+ 29253,+ 131,+ 23854,+ 23985,+ 5268,2249787,51806,1798922,1850728,399059
2021-03-29,+ 16965,+ 48,+ 25509,+ 25557,-8 592,2266752,51854,1824431,1876285,390467
2021-03-30,+ 20870,+ 461,+ 23768,+ 24229,-3 359,2287622,52315,1848199,1900514,387108
2021-03-31,+ 32874,+ 653,+ 13726,+ 14379,+ 18495,2320496,52968,1861925,1914893,405603
2021-04-01,+ 35251,+ 621,+ 20254,+ 20875,+ 14376,2355747,53589,1882179,1935768,419979
2021-04-02,+ 30546,+ 497,+ 29070,+ 29567,+ 979,2386293,54086,1911249,1965335,420958
2021-04-03,+ 28073,+ 571,+ 34745,+ 35316,-7 243,2414366,54657,1945994,2000651,413715
2021-04-04,+ 22947,+ 204,+ 32439,+ 32643,-9 696,2437313,54861,1978433,2033294,404019
2021-04-05,+ 9902,+ 64,+ 30875,+ 30939,-21 037,2447215,54925,2009308,2064233,382982
2021-04-06,+ 8245,+ 60,+ 27269,+ 27329,-19 084,2455460,54985,2036577,2091562,363898
2021-04-07,+ 14910,+ 638,+ 18120,+ 18758,-3 848,2470370,55623,2054697,2110320,360050
2021-04-08,+ 27887,+ 954,+ 21807,+ 22761,+ 5126,2498257,56577,2076504,2133081,365176
2021-04-09,+ 28487,+ 768,+ 31272,+ 32040,-3 553,2526744,57345,2107776,2165121,361623
2021-04-10,+ 24856,+ 749,+ 35289,+ 36038,-11 182,2551600,58094,2143065,2201159,350441
2021-04-11,+ 21703,+ 245,+ 28236,+ 28481,-6 778,2573303,58339,2171301,2229640,343663
2021-04-12,+ 12013,+ 61,+ 26481,+ 26542,-14 529,2585316,58400,2197782,2256182,329134
2021-04-13,+ 13227,+ 644,+ 21873,+ 22517,-9 290,2598543,59044,2219655,2278699,319844
2021-04-14,+ 21283,+ 803,+ 10146,+ 10949,+ 10334,2619826,59847,2229801,2289648,330178
2021-04-15,+ 21130,+ 682,+ 8837,+ 9519,+ 11611,2640956,60529,2238638,2299167,341789
2021-04-16,+ 17847,+ 595,+ 16594,+ 17189,+ 658,2658803,61124,2255232,2316356,342447
2021-04-17,+ 15763,+ 616,+ 29989,+ 30605,-14 842,2674566,61740,2285221,2346961,327605
2021-04-18,+ 12153,+ 207,+ 25924,+ 26131,-13 978,2686719,61947,2311145,2373092,313627
2021-04-19,+ 7283,+ 101,+ 23833,+ 23934,-16 651,2694002,62048,2334978,2397026,296976
2021-04-20,+ 9246,+ 601,+ 19674,+ 20275,-11 029,2703248,62649,2354652,2417301,285947
2021-04-21,+ 13926,+ 740,+ 11578,+ 12318,+ 1608,2717174,63389,2366230,2429619,287555
2021-04-22,+ 12762,+ 694,+ 14557,+ 15251,-2 489,2729936,64083,2380787,2444870,285066
2021-04-23,+ 10858,+ 539,+ 20670,+ 21209,-10 351,2740794,64622,2401457,2466079,274715
2021-04-24,+ 9505,+ 513,+ 21202,+ 21715,-12 210,2750299,65135,2422659,2487794,262505
2021-04-25,+ 7219,+ 193,+ 16753,+ 16946,-9 727,2757518,65328,2439412,2504740,252778
2021-04-26,+ 3451,+ 22,+ 15643,+ 15665,-12 214,2760969,65350,2455055,2520405,240564
2021-04-27,+ 5709,+ 460,+ 11981,+ 12441,-6 732,2766678,65810,2467036,2532846,233832
2021-04-28,+ 8895,+ 636,+ 6938,+ 7574,+ 1321,2775573,66446,2473974,2540420,235153
2021-04-29,+ 8427,+ 541,+ 9806,+ 10347,-1 920,2784000,66987,2483780,2550767,233233
2021-04-30,+ 6796,+ 429,+ 13030,+ 13459,-6 663,2790796,67416,2496810,2564226,226570
2021-05-01,+ 6469,+ 423,+ 14048,+ 14471,-8 002,2797265,67839,2510858,2578697,218568
2021-05-02,+ 4612,+ 144,+ 10110,+ 10254,-5 642,2801877,67983,2520968,2588951,212926
2021-05-03,+ 2525,+ 37,+ 8876,+ 8913,-6 388,2804402,68020,2529844,2597864,206538
2021-05-04,+ 2296,+ 28,+ 7087,+ 7115,-4 819,2806698,68048,2536931,2604979,201719
2021-05-05,+ 3896,+ 349,+ 3753,+ 4102,-206,2810594,68397,2540684,2609081,201513
2021-05-06,+ 6431,+ 510,+ 6067,+ 6577,-146,2817025,68907,2546751,2615658,201367
2021-05-07,+ 6047,+ 453,+ 8308,+ 8761,-2 714,2823072,69360,2555059,2624419,198653
2021-05-08,+ 4765,+ 421,+ 8020,+ 8441,-3 676,2827837,69781,2563079,2632860,194977
2021-05-09,+ 3852,+ 147,+ 6422,+ 6569,-2 717,2831689,69928,2569501,2639429,192260
2021-05-10,+ 2032,+ 22,+ 6533,+ 6555,-4 523,2833721,69950,2576034,2645984,187737
2021-05-11,+ 3098,+ 319,+ 4211,+ 4530,-1 432,2836819,70269,2580245,2650514,186305
2021-05-12,+ 4255,+ 343,+ 2274,+ 2617,+ 1638,2841074,70612,2582519,2653131,187943
2021-05-13,+ 3730,+ 342,+ 2232,+ 2574,+ 1156,2844804,70954,2584751,2655705,189099
2021-05-14,+ 3288,+ 289,+ 4526,+ 4815,-1 527,2848092,71243,2589277,2660520,187572
2021-05-15,+ 2896,+ 298,+ 6358,+ 6656,-3 760,2850988,71541,2595635,2667176,183812
2021-05-16,+ 2167,+ 55,+ 5339,+ 5394,-3 227,2853155,71596,2600974,2672570,180585
2021-05-17,+ 1109,+ 11,+ 4729,+ 4740,-3 631,2854264,71607,2605703,2677310,176954