,,,,,,,,,,,,,,,,,,,,,,,,
,Data,Suma przebadanych osób,Nowe przebadne osoby,Suma wykonanych testów,Dobowa liczba wykonanych testów,Dobowa liczba wykonanych testów antygenowych,% testów antygenowych w dobowej liczbie wykonanych testów,Suma zleceń POZ,Dobowa liczba zleceń POZ,zmiana tygodniowa dobowej liczby zleceń POZ,Suma osób z wynikiem pozytywnym,Dobowa liczba osób z wynikiem pozywnym,% osób z wynikiem pozytywnym (w ogólnej liczbie testów),% osób z wynikiem pozytywnym (w ogólnej liczbie przebadanych osób),dobowy % osób z wynikiem pozytywnym (w dobowej liczbie testów),dobowy % osób z wynikiem pozytywnym (w dobowej liczbie nowych przebadanych osób),Suma wyników negatywnych i powtórnie pozytywnych,Wyniki negatywne i powtórnie pozywyne,,7-dniowa średnia dobowej liczby wykonanych testów,7-dniowa średnia dobowego % wyników pozytywnych  (w dobowej liczbie testów),,! UWAGI ,"! W dniu 08.08 MZ podało informację o zawyżeniu sumy przebadanych próbek o ~230 tys. przez WSSE Kielce przez błąd w raportowaniu. Dane historyczne dot. sumy próbek nie zostały skorygowane.                                                            ! Brak raportu za dzień 25.07, podano tylko zaokrągloną liczbę przebadanych próbek.      ! Zmiana godziny raportowania.                                                                                                                                                                                                                              ! Do raportu dodano liczbę przebadanych osób.                                                                                                                                                                                                                                                                                                                                                                               ! Brak raportów za dzień 06.03 i 15.03   ! W związku ze zmianą systemu raportowania i korektami MZ, suma przypadków może nie być zgodna z sumą w zakałdce 'Wzrost'"
,02.03,↓,↓,559,n/a,,,↓,,,0,0,"0,00%",↓,"0,00%",↓,559,n/a,,138,"1,40%",,,
,03.03,,,584,25,,,,,,1,1,"0,17%",,"4,00%",,583,24,,,,,,
,04.03,,,676,92,,,,,,1,0,"0,15%",,"0,00%",,675,92,,,,,,
,05.03,,,855,179,,,,,,1,0,"0,12%",,"0,00%",,854,179,,,,,,
!,06.03,,,855,0,,,,,,1,0,"0,12%",,"0,00%",,854,0,,,,,,
,07.03,,,1154,299,,,,,,8,7,"0,69%",,"2,34%",,1146,292,,,,,,
,08.03,,,1384,230,,,,,,16,8,"1,16%",,"3,48%",,1368,222,,,,,,
,09.03,,,1630,246,,,,,,17,1,"1,04%",,"0,41%",,1630,262,,153,"1,46%",,,
,10.03,,,2024,394,,,,,,25,8,"1,24%",,"2,03%",,1999,369,,206,"1,18%",,,
,11.03,,,2234,210,,,,,,47,22,"2,10%",,"10,48%",,2187,188,,223,"2,68%",,,
,12.03,,,2889,655,,,,,,58,11,"2,01%",,"1,68%",,2831,644,,291,"2,92%",,,
,13.03,,,4414,1525,,,,,,93,35,"2,11%",,"2,30%",,4321,1490,,508,"3,24%",,,
,14.03,,,5493,1079,,,,,,111,18,"2,02%",,"1,67%",,5382,1061,,620,"3,15%",,,
!,15.03,,,5493,0,,,,,,111,0,"2,02%",,"0,00%",,5382,0,,587,"2,65%",,,
,16.03,,,7899,2406,,,,,,205,94,"2,60%",,"3,91%",,7694,2312,,896,"3,15%",,,
,17.03,,,9515,1616,,,,,,246,41,"2,59%",,"2,54%",,9269,1575,,1 070,"3,22%",,,
,18.03,,,11196,1681,,,,,,305,59,"2,72%",,"3,51%",,10891,1622,,1 280,"2,23%",,,
,19.03,,,13072,1876,,,,,,378,73,"2,89%",,"3,89%",,12694,1803,,1 455,"2,54%",,,
,20.03,,,15084,2012,,,,,,452,74,"3,00%",,"3,68%",,14632,1938,,1 524,"2,74%",,,
,21.03,,,17607,2523,,,,,,563,111,"3,20%",,"4,40%",,17044,2412,,1 731,"3,13%",,,
,22.03,,,20127,2520,,,,,,649,86,"3,22%",,"3,41%",,19478,2434,,2 091,"3,62%",,,
,23.03,,,22898,2771,,,,,,774,125,"3,38%",,"4,51%",,22124,2646,,2 143,"3,71%",,,
,24.03,,,26244,3346,,,,,,957,183,"3,65%",,"5,47%",,25287,3163,,2 390,"4,12%",,,
,25.03,,,29564,3320,,,,,,1085,128,"3,67%",,"3,86%",,28479,3192,,2 624,"4,17%",,,
,26.03,,,34067,4503,,,,,,1244,159,"3,65%",,"3,53%",,32823,4344,,2 999,"4,12%",,,
,27.03,,,38674,4607,,,,,,1436,192,"3,71%",,"4,17%",,37238,4415,,3 370,"4,19%",,,
,28.03,,,42783,4109,,,,,,1717,281,"4,01%",,"6,84%",,41066,3828,,3 597,"4,54%",,,
,29.03,,,46607,3824,,,,,,1905,188,"4,09%",,"4,92%",,44702,3636,,3 783,"4,76%",,,
,30.03,,,51419,4812,,,,,,2132,227,"4,15%",,"4,72%",,49287,4585,,4 074,"4,79%",,,
,31.03,,,55801,4382,,,,,,2347,215,"4,21%",,"4,91%",,53454,4167,,4 222,"4,70%",,,
,01.04,,,61178,5377,,,,,,2633,286,"4,30%",,"5,32%",,58545,5091,,4 516,"4,91%",,,
,02.04,,,66938,5760,,,,,,3149,516,"4,70%",,"8,96%",,63789,5244,,4 696,"5,69%",,,
,03.04,,,72901,5963,,,,,,3503,354,"4,81%",,"5,94%",,69398,5609,,4 890,"5,94%",,,
,04.04,,,80757,7856,,,,,,3834,331,"4,75%",,"4,21%",,76923,7525,,5 425,"5,57%",,,
,05.04,,,85467,4710,,,,,,4201,367,"4,92%",,"7,79%",,81266,4343,,5 551,"5,98%",,,
,06.04,,,92215,6748,,,,,,4532,331,"4,91%",,"4,91%",,87683,6417,,5 828,"6,00%",,,
,07.04,,,99284,7069,,,,,,5000,468,"5,04%",,"6,62%",,94284,6601,,6 212,"6,25%",,,
,08.04,,,107597,8313,,,,,,5341,341,"4,96%",,"4,10%",,102256,7972,,6 631,"6,08%",,,
,09.04,,,118295,10698,,,,,,5742,401,"4,85%",,"3,75%",,112553,10297,,7 337,"5,33%",,,
,10.04,,,129560,11265,,,,,,6088,346,"4,70%",,"3,07%",,123472,10919,,8 094,"4,92%",,,
,11.04,,,138007,8447,,,,,,6674,586,"4,84%",,"6,94%",,131333,7861,,8 179,"5,31%",,,
,12.04,,,143630,5623,,,,,,6932,258,"4,83%",,"4,59%",,136696,5363,,8 309,"4,85%",,,
,13.04,,,148321,4691,,,,,,7049,117,"4,75%",,"2,49%",,141272,4576,,8 015,"4,51%",,,
,14.04,,,156493,8172,,,,,,7408,359,"4,73%",,"4,39%",,149085,7813,,8 173,"4,19%",,,
,15.04,,,169071,12578,,,,,,7771,363,"4,60%",,"2,89%",,161300,12215,,8 782,"4,02%",,,
,16.04,,,179654,10583,,,,,,8214,443,"4,57%",,"4,19%",,171440,10140,,8 766,"4,08%",,,
,17.04,,,192960,13306,,,,,,8563,349,"4,44%",,"2,62%",,184397,12957,,9 057,"4,02%",,,
,18.04,,,204246,11286,,,,,,9083,520,"4,45%",,"4,61%",,195163,10766,,9 463,"3,68%",,,
,19.04,,,214236,9990,,,,,,9453,370,"4,41%",,"3,70%",,204783,9620,,10 087,"3,56%",,,
,20.04,,,224355,10119,,,,,,9737,284,"4,34%",,"2,81%",,214618,9835,,10 862,"3,60%",,,
,21.04,,,238799,14444,,,,,,10034,297,"4,20%",,"2,06%",,228765,14147,,11 758,"3,27%",,,
,22.04,,,250719,11920,,,,,,10346,312,"4,13%",,"2,62%",,240373,11608,,11 664,"3,23%",,,
,23.04,,,265201,14482,,,,,,10759,413,"4,06%",,"2,85%",,254442,14069,,12 221,"3,04%",,,
,24.04,,,278994,13793,,,,,,11067,308,"3,97%",,"2,23%",,267927,13485,,12 291,"2,98%",,,
,25.04,,,290633,11639,,,,,,11395,328,"3,92%",,"2,82%",,279238,11311,,12 341,"2,73%",,,
,26.04,,,297859,7226,,,,,,11761,366,"3,95%",,"5,07%",,286098,6860,,11 946,"2,92%",,,
!,27.04,281787,n/a,310744,12885,,,,,,12089,328,"3,89%","4,29%","2,55%",n/a,298655,12557,,12 341,"2,88%",,,
,28.04,294589,12802,324527,13783,,,,,,12415,326,"3,83%","4,21%","2,37%","2,55%",312112,13457,,12 247,"2,93%",,,
,29.04,307098,12509,338027,13500,,,,,,12781,366,"3,78%","4,16%","2,71%","2,93%",325246,13134,,12 473,"2,94%",,,
,30.04,322749,15651,354628,16601,,,,,,13105,324,"3,70%","4,06%","1,95%","2,07%",341523,16277,,12 775,"2,81%",,,
,01.05,333362,10613,366013,11385,,,,,,13375,270,"3,65%","4,01%","2,37%","2,54%",352638,11115,,12 431,"2,83%",,,
,02.05,342744,9382,375948,9935,,,,,,13693,318,"3,64%","4,00%","3,20%","3,39%",362255,9617,,12 188,"2,89%",,,
,03.05,350048,7304,383804,7856,,,,,,13937,244,"3,63%","3,98%","3,11%","3,34%",369867,7612,,12 278,"2,61%",,,
,04.05,359690,9642,394270,10466,,,,,,14242,305,"3,61%","3,96%","2,91%","3,16%",380028,10161,,11 932,"2,66%",,,
,05.05,374694,15004,410468,16198,,,,,,14647,405,"3,57%","3,91%","2,50%","2,70%",395821,15793,,12 277,"2,68%",,,
,06.05,389076,14382,425994,15526,,,,,,14898,251,"3,50%","3,83%","1,62%","1,75%",411096,15275,,12 567,"2,52%",,,
,07.05,405282,16206,443506,17512,,,,,,15200,302,"3,43%","3,75%","1,72%","1,86%",428306,17210,,12 697,"2,49%",,,
,08.05,421168,15886,460686,17180,,,,,,15510,310,"3,37%","3,68%","1,80%","1,95%",445176,16870,,13 525,"2,41%",,,
,09.05,436641,15473,476904,16218,,,,,,15821,311,"3,32%","3,62%","1,92%","2,01%",461083,15907,,14 422,"2,23%",,,
,10.05,450254,13613,491216,14312,,,,,,16206,385,"3,30%","3,60%","2,69%","2,83%",475010,13927,,15 345,"2,17%",,,
,11.05,465976,15722,507776,16560,,,,,,16561,355,"3,26%","3,55%","2,14%","2,26%",491215,16205,,16 215,"2,06%",,,
,12.05,485169,19193,528122,20346,,,,,,17062,501,"3,23%","3,52%","2,46%","2,61%",511060,19845,,16 808,"2,05%",,,
,13.05,506733,21564,554357,26235,,,,,,17469,407,"3,15%","3,45%","1,55%","1,89%",536888,25828,,18 338,"2,04%",,,
,14.05,526895,20162,576276,21919,,,,,,17850,381,"3,10%","3,39%","1,74%","1,89%",558426,21538,,18 967,"2,04%",,,
,15.05,549792,22897,601394,25118,,,,,,18184,334,"3,02%","3,31%","1,33%","1,46%",583210,24784,,20 101,"1,98%",,,
,16.05,567055,17263,620249,18855,,,,,,18394,210,"2,97%","3,24%","1,11%","1,22%",601855,18645,,20 478,"1,86%",,,
,17.05,581471,14416,636046,15797,,,,,,18746,352,"2,95%","3,22%","2,23%","2,44%",617300,15445,,20 690,"1,80%",,,
,18.05,597725,16254,653224,17178,,,,,,19080,334,"2,92%","3,19%","1,94%","2,05%",634144,16844,,20 778,"1,77%",,,
,19.05,617967,20242,674861,21637,,,,,,19569,489,"2,90%","3,17%","2,26%","2,42%",655292,21148,,20 963,"1,74%",,,
,20.05,639523,21556,697230,22369,,,,,,19983,414,"2,87%","3,12%","1,85%","1,92%",677247,21955,,20 410,"1,78%",,,
,21.05,660800,21277,719571,22341,,,,,,20379,396,"2,83%","3,08%","1,77%","1,86%",699192,21945,,20 471,"1,79%",,,
,22.05,687080,26280,750939,31368,,,,,,20838,459,"2,77%","3,03%","1,46%","1,75%",730101,30909,,21 364,"1,80%",,,
,23.05,701969,14889,767441,16502,,,,,,21236,398,"2,77%","3,03%","2,41%","2,67%",746205,16104,,21 027,"1,99%",,,
,24.05,712675,10706,779576,12135,,,,,,21440,204,"2,75%","3,01%","1,68%","1,91%",758136,11931,,20 504,"1,91%",,,
,25.05,733701,21026,801753,22177,,,,,,21867,427,"2,73%","2,98%","1,93%","2,03%",779886,21750,,21 218,"1,91%",,,
,26.05,753675,19974,824774,23021,,,,,,22303,436,"2,70%","2,96%","1,89%","2,18%",802471,22585,,21 416,"1,86%",,,
,27.05,773625,19950,846732,21958,,,,,,22600,297,"2,67%","2,92%","1,35%","1,49%",824132,21661,,21 357,"1,79%",,,
,28.05,798476,24851,873456,26724,,,,,,22964,364,"2,63%","2,88%","1,36%","1,46%",850492,26360,,21 984,"1,73%",,,
,29.05,821811,23335,899069,25613,,,,,,23376,412,"2,60%","2,84%","1,61%","1,77%",875693,25201,,21 161,"1,75%",,,
,30.05,836298,14487,915546,16477,,,,,,23686,310,"2,59%","2,83%","1,88%","2,14%",891860,16167,,21 158,"1,67%",,,
,31.05,850417,14119,931520,15974,,,,,,23987,301,"2,58%","2,82%","1,88%","2,13%",907533,15673,,21 706,"1,70%",,,
,01.06,862883,12466,945955,14435,,,,,,24271,284,"2,57%","2,81%","1,97%","2,28%",921684,14151,,20 600,"1,71%",,,
,02.06,881907,19024,967177,21222,,,,,,24545,274,"2,54%","2,78%","1,29%","1,44%",942632,20948,,20 343,"1,62%",,,
,03.06,903486,21579,996604,29427,,,,,,24826,281,"2,49%","2,75%","0,95%","1,30%",971778,29146,,21 410,"1,56%",,,
,04.06,924896,21410,1014937,18333,,,,,,25177,351,"2,48%","2,72%","1,91%","1,64%",989760,17982,,20 212,"1,64%",,,
,05.06,945648,20752,1038281,23344,,,,,,25669,492,"2,47%","2,71%","2,11%","2,37%",1012612,22852,,19 887,"1,71%",,,
,06.06,961312,15664,1056396,18115,,,,,,26249,580,"2,48%","2,73%","3,20%","3,70%",1030147,17535,,20 121,"1,90%",,,
,07.06,973553,12241,1070800,14404,,,,,,26780,531,"2,50%","2,75%","3,69%","4,34%",1044020,13873,,19 897,"2,16%",,,
,08.06,988351,14798,1087853,17053,,,,,,27365,585,"2,52%","2,77%","3,43%","3,95%",1060488,16468,,20 271,"2,37%",,,
,09.06,1007719,19368,1109909,22056,,,,,,27668,303,"2,49%","2,75%","1,37%","1,56%",1082241,21753,,20 390,"2,38%",,,
!,10.06,1024261,16542,1129039,19130,,,,,,28201,533,"2,50%","2,75%","2,79%","3,22%",1100838,18597,,18 919,"2,64%",,,
,11.06,1043639,19378,1150983,21944,,,,,,28577,376,"2,48%","2,74%","1,71%","1,94%",1122406,21568,,19 435,"2,61%",,,
,12.06,1059202,15563,1169088,18105,,,,,,29017,440,"2,48%","2,74%","2,43%","2,83%",1140071,17665,,18 687,"2,66%",,,
,13.06,1076251,17049,1188742,19654,,,,,,29392,375,"2,47%","2,73%","1,91%","2,20%",1159350,19279,,18 907,"2,48%",,,
,14.06,1086927,10676,1202024,13282,,,,,,29788,396,"2,48%","2,74%","2,98%","3,71%",1172236,12886,,18 746,"2,37%",,,
,15.06,1103330,16403,1221133,19109,,,,,,30195,407,"2,47%","2,74%","2,13%","2,48%",1190938,18702,,19 040,"2,19%",,,
,16.06,1126312,22982,1247099,25966,,,,,,30701,506,"2,46%","2,73%","1,95%","2,20%",1216398,25460,,19 599,"2,27%",,,
,17.06,1147218,20906,1270951,23852,,,,,,31015,314,"2,44%","2,70%","1,32%","1,50%",1239936,23538,,20 273,"2,06%",,,
,18.06,1170761,23543,1297676,26725,,,,,,31316,301,"2,41%","2,67%","1,13%","1,28%",1266360,26424,,20 956,"1,98%",,,
,19.06,1190401,19640,1320399,22723,,,,,,31620,304,"2,39%","2,66%","1,34%","1,55%",1288779,22419,,21 616,"1,82%",,,
,20.06,1208632,18231,1341842,21443,,,,,,31931,311,"2,38%","2,64%","1,45%","1,71%",1309911,21132,,21 871,"1,76%",,,
,21.06,1219673,11041,1356035,14193,,,,,,32227,296,"2,38%","2,64%","2,09%","2,68%",1323808,13897,,22 002,"1,63%",,,
,22.06,1237750,18077,1377206,21171,,,,,,32527,300,"2,36%","2,63%","1,42%","1,66%",1344679,20871,,22 296,"1,53%",,,
,23.06,1257001,19251,1399647,22441,,,,,,32821,294,"2,34%","2,61%","1,31%","1,53%",1366826,22147,,21 793,"1,43%",,,
,24.06,1278454,21453,1424843,25196,,,,,,33119,298,"2,32%","2,59%","1,18%","1,39%",1391724,24898,,21 985,"1,42%",,,
,25.06,1296790,18336,1447130,22287,,,,,,33395,276,"2,31%","2,58%","1,24%","1,51%",1413735,22011,,21 351,"1,43%",,,
,26.06,1315933,19143,1469962,22832,,,,,,33714,319,"2,29%","2,56%","1,40%","1,67%",1436248,22513,,21 366,"1,44%",,,
,27.06,1330751,14818,1493993,24031,,,,,,33907,193,"2,27%","2,55%","0,80%","1,30%",1460086,23838,,21 736,"1,35%",,,
,28.06,1338503,7752,1499540,5547,,,,,,34154,247,"2,28%","2,55%","4,45%","3,19%",1465386,5300,,20 501,"1,69%",,,
,29.06,1356310,17807,1521406,21866,,,,,,34393,239,"2,26%","2,54%","1,09%","1,34%",1487013,21627,,20 600,"1,64%",,,
,30.06,1377374,21064,1546510,25104,,,,,,34775,382,"2,25%","2,52%","1,52%","1,81%",1511735,24722,,20 980,"1,67%",,,
,01.07,1396177,18803,1569693,23183,,,,,,35146,371,"2,24%","2,52%","1,60%","1,97%",1534547,22812,,20 693,"1,73%",,,
,02.07,1419434,23257,1597497,27804,,,,,,35405,259,"2,22%","2,49%","0,93%","1,11%",1562092,27545,,21 481,"1,69%",,,
,03.07,1437849,18415,1620160,22663,,,,,,35719,314,"2,20%","2,48%","1,39%","1,71%",1584441,22349,,21 457,"1,68%",,,
,04.07,1452787,14938,1639370,19210,,,,,,35950,231,"2,19%","2,47%","1,20%","1,55%",1603420,18979,,20 768,"1,74%",,,
,05.07,1464912,12125,1655664,16294,,,,,,36155,205,"2,18%","2,47%","1,26%","1,69%",1619509,16089,,22 303,"1,28%",,,
,06.07,1481219,16307,1676364,20700,,,,,,36412,257,"2,17%","2,46%","1,24%","1,58%",1639952,20443,,22 137,"1,31%",,,
,07.07,1510573,29354,1696573,20209,,,,,,36689,277,"2,16%","2,43%","1,37%","0,94%",1659884,19932,,21 438,"1,28%",,,
,08.07,1529354,18781,1720428,23855,,,,,,36951,262,"2,15%","2,42%","1,10%","1,40%",1683477,23593,,21 534,"1,21%",,,
,09.07,1548706,19352,1744631,24203,,,,,,37216,265,"2,13%","2,40%","1,09%","1,37%",1707415,23938,,21 019,"1,24%",,,
,10.07,1581440,32734,1779643,35012,,,,,,37521,305,"2,11%","2,37%","0,87%","0,93%",1742122,34707,,22 783,"1,16%",,,
,11.07,1594625,13185,1797612,17969,,,,,,37891,370,"2,11%","2,38%","2,06%","2,81%",1759721,17599,,22 606,"1,28%",,,
,12.07,1605344,10719,1813365,15753,,,,,,38190,299,"2,11%","2,38%","1,90%","2,79%",1775175,15454,,22 529,"1,38%",,,
,13.07,1621972,16628,1835269,21904,,,,,,38457,267,"2,10%","2,37%","1,22%","1,61%",1796812,21637,,22 701,"1,37%",,,
,14.07,1641890,19918,1860592,25323,,,,,,38721,264,"2,08%","2,36%","1,04%","1,33%",1821871,25059,,23 431,"1,33%",,,
,15.07,1661906,20016,1886089,25497,,,,,,39054,333,"2,07%","2,35%","1,31%","1,66%",1847035,25164,,23 666,"1,36%",,,
,16.07,1682473,20567,1912343,26254,,,,,,39407,353,"2,06%","2,34%","1,34%","1,72%",1872936,25901,,23 959,"1,39%",,,
,17.07,1701400,18927,1936889,24546,,,,,,39746,339,"2,05%","2,34%","1,38%","1,79%",1897143,24207,,22 464,"1,46%",,,
,18.07,1715356,13956,1956272,19383,,,,,,40104,358,"2,05%","2,34%","1,85%","2,57%",1916168,19025,,22 666,"1,43%",,,
,19.07,1725447,10091,1971736,15464,,,,,,40383,279,"2,05%","2,34%","1,80%","2,76%",1931353,15185,,22 624,"1,42%",,,
,20.07,1741609,16162,1992002,20266,,,,,,40782,399,"2,05%","2,34%","1,97%","2,47%",1951220,19867,,22 390,"1,53%",,,
,21.07,1761265,19656,2017513,25511,,,,,,41162,380,"2,04%","2,34%","1,49%","1,93%",1976351,25131,,22 417,"1,59%",,,
,22.07,1782250,20985,2044703,27190,,,,,,41580,418,"2,03%","2,33%","1,54%","1,99%",2003123,26772,,22 659,"1,62%",,,
,23.07,1800348,18098,2068983,24280,,,,,,42038,458,"2,03%","2,33%","1,89%","2,53%",2026945,23822,,22 377,"1,70%",,,
,24.07,1820358,20010,2095222,26239,,,,,,42622,584,"2,03%","2,34%","2,23%","2,92%",2052600,25655,,22 619,"1,82%",,,
!,25.07,1836358,16000,2115522,20300,,,,,,43065,443,"2,04%","2,35%","2,18%","2,77%",2072457,19857,,22 750,"1,87%",,,
,26.07,1847663,11305,2134334,18812,,,,,,43402,337,"2,03%","2,35%","1,79%","2,98%",2090932,18475,,23 228,"1,87%",,,
,27.07,1864103,16440,2157025,22691,,,,,,43904,502,"2,04%","2,36%","2,21%","3,05%",2113121,22189,,23 575,"1,90%",,,
,28.07,1887072,22969,2186977,29952,,,,,,44416,512,"2,03%","2,35%","1,71%","2,23%",2142561,29440,,24 209,"1,93%",,,
,29.07,1909180,22108,2210041,23064,,,,,,45031,615,"2,04%","2,36%","2,67%","2,78%",2165010,22449,,23 620,"2,10%",,,
,30.07,1931574,22394,2245168,35127,,,,,,45688,657,"2,03%","2,37%","1,87%","2,93%",2199480,34470,,25 169,"2,09%",,,
,31.07,1952836,21262,2273553,28385,,,,,,46346,658,"2,04%","2,37%","2,32%","3,09%",2227207,27727,,25 476,"2,11%",,,
,01.08,1969570,16734,2297427,23874,,,,,,46894,548,"2,04%","2,38%","2,30%","3,27%",2250533,23326,,25 986,"2,12%",,,
,02.08,1980641,11071,2315210,17783,,,,,,47469,575,"2,05%","2,40%","3,23%","5,19%",2267741,17208,,25 839,"2,33%",,,
,03.08,1999529,18888,2341039,25829,,,,,,48149,680,"2,06%","2,41%","2,63%","3,60%",2292890,25149,,26 288,"2,39%",,,
,04.08,2027951,28422,2374686,33647,,,,,,48789,640,"2,05%","2,41%","1,90%","2,25%",2325897,33007,,26 816,"2,42%",,,
,05.08,2049229,21278,2403336,28650,,,,,,49515,726,"2,06%","2,42%","2,53%","3,41%",2353821,27924,,27 614,"2,40%",,,
,06.08,2074473,25244,2436012,32676,,,,,,50324,809,"2,07%","2,43%","2,48%","3,20%",2385688,31867,,27 263,"2,48%",,,
!,07.08,2102780,28307,2199085,21900,,,,,,51167,843,"2,33%","2,43%","3,85%","2,98%",2147918,21057,,26 337,"2,70%",,,
,08.08,2123622,20842,2219459,20374,,,,,,51791,624,"2,33%","2,44%","3,06%","2,99%",2167668,19750,,25 837,"2,81%",,,
,09.08,2138021,14399,2234383,14924,,,,,,52410,619,"2,35%","2,45%","4,15%","4,30%",2181973,14305,,25 429,"2,94%",,,
,10.08,2158532,20511,2257525,23142,,,,,,52961,551,"2,35%","2,45%","2,38%","2,69%",2204564,22591,,25 045,"2,91%",,,
,11.08,2182027,23495,2281604,24079,,,,,,53676,715,"2,35%","2,46%","2,97%","3,04%",2227928,23364,,23 678,"3,06%",,,
,12.08,2207204,25177,2307735,26131,,,,,,54487,811,"2,36%","2,47%","3,10%","3,22%",2253248,25320,,23 318,"3,14%",,,
,13.08,2232996,25792,2334461,26726,,,,,,55319,832,"2,37%","2,48%","3,11%","3,23%",2279142,25894,,22 468,"3,23%",,,
,14.08,2256726,23730,2359093,24632,,,,,,56090,771,"2,38%","2,49%","3,13%","3,25%",2303003,23861,,22 858,"3,13%",,,
,15.08,2272730,16004,2375706,16613,,,,,,56684,594,"2,39%","2,49%","3,58%","3,71%",2319022,16019,,22 321,"3,20%",,,
,16.08,2285508,12778,2388864,13158,,,,,,57279,595,"2,40%","2,51%","4,52%","4,66%",2331585,12563,,22 069,"3,26%",,,
,17.08,2305392,19884,2409394,20530,,,,,,57876,597,"2,40%","2,51%","2,91%","3,00%",2351518,19933,,21 696,"3,33%",,,
,18.08,2333126,27734,2438135,28741,,,,,,58611,735,"2,40%","2,51%","2,56%","2,65%",2379524,28006,,22 362,"3,27%",,,
,19.08,2357772,24646,2463734,25599,,,,,,59378,767,"2,41%","2,52%","3,00%","3,11%",2404356,24832,,22 286,"3,26%",,,
,20.08,2386438,28666,2493423,29689,,,,,,60281,903,"2,42%","2,53%","3,04%","3,15%",2433142,28786,,22 709,"3,25%",,,
,21.08,2411231,24793,2519127,25704,,,,,,61181,900,"2,43%","2,54%","3,50%","3,63%",2457946,24804,,22 862,"3,30%",,,
,22.08,2430214,18983,2538761,19634,,,,,,61762,581,"2,43%","2,54%","2,96%","3,06%",2476999,19053,,23 294,"3,21%",,,
,23.08,2445546,15332,2555515,16754,,,,,,62310,548,"2,44%","2,55%","3,27%","3,57%",2493205,16206,,23 807,"3,03%",,,
,24.08,2467528,21982,2577726,22211,,,,,,63073,763,"2,45%","2,56%","3,44%","3,47%",2514653,21448,,24 047,"3,11%",,,
,25.08,2495839,28311,2606620,28894,,,,,,63802,729,"2,45%","2,56%","2,52%","2,57%",2542818,28165,,24 069,"3,10%",,,
,26.08,2522949,27110,2634903,28283,,,,,,64689,887,"2,46%","2,56%","3,14%","3,27%",2570214,27396,,24 453,"3,12%",,,
,27.08,2547731,24782,2660665,25762,,,,,,65480,791,"2,46%","2,57%","3,07%","3,19%",2595185,24971,,23 892,"3,13%",,,
,28.08,2568806,21075,2682536,21871,,,,,,66239,759,"2,47%","2,58%","3,47%","3,60%",2616297,21112,,23 344,"3,12%",,,
,29.08,2587559,18753,2701553,19017,,,,,,66870,631,"2,48%","2,58%","3,32%","3,36%",2634683,18386,,23 256,"3,17%",,,
,30.08,2599569,12010,2714027,12474,,,,,,67372,502,"2,48%","2,59%","4,02%","4,18%",2646655,11972,,22 645,"3,28%",,,
,31.08,2628272,28703,2743434,29407,,,,,,67922,550,"2,48%","2,58%","1,87%","1,92%",2675512,28857,,23 673,"3,06%",,,
,01.09,2652626,24354,2777601,34167,,,,,,68517,595,"2,47%","2,58%","1,74%","2,44%",2709084,33572,,24 426,"2,95%",,,
,02.09,2676598,23972,2793285,15684,,,,,,69129,612,"2,47%","2,58%","3,90%","2,55%",2724156,15072,,22 626,"3,06%",,,
,03.09,2698343,21745,2815778,22493,,,,,,69820,691,"2,48%","2,59%","3,07%","3,18%",2745958,21802,,22 159,"3,06%",,,
,04.09,2723162,24819,2841344,25566,,,,,,70387,567,"2,48%","2,58%","2,22%","2,28%",2770957,24999,,22 687,"2,88%",,,
,05.09,2741388,18226,2859963,18619,,,,,,70824,437,"2,48%","2,58%","2,35%","2,40%",2789139,18182,,22 630,"2,74%",,,
,06.09,2751413,10025,2870266,10303,,,,,,71126,302,"2,48%","2,59%","2,93%","3,01%",2799140,10001,,22 320,"2,58%",,,
,07.09,2769608,18195,2889084,18818,,,,,,71526,400,"2,48%","2,58%","2,13%","2,20%",2817558,18418,,20 807,"2,62%",,,
,08.09,2792387,22779,2912411,23327,,,,,,71947,421,"2,47%","2,58%","1,80%","1,85%",2840464,22906,,19 259,"2,63%",,,
,09.09,2810401,18014,2931091,18680,,,,,,72453,506,"2,47%","2,58%","2,71%","2,81%",2858638,18174,,19 687,"2,46%",,,
,10.09,2829116,18715,2949734,18643,,,,,,73047,594,"2,48%","2,58%","3,19%","3,17%",2876687,18049,,19 137,"2,47%",,,
,11.09,2849407,20291,2970888,21154,,,,,,73650,603,"2,48%","2,58%","2,85%","2,97%",2897238,20551,,18 506,"2,56%",,,
,12.09,2863566,14159,2985390,14502,,,,,,74152,502,"2,48%","2,59%","3,46%","3,55%",2911238,14000,,17 918,"2,72%",,,
,13.09,2875675,12109,2998021,12631,,,,,,74529,377,"2,49%","2,59%","2,98%","3,11%",2923492,12254,,18 251,"2,73%",,,
,14.09,2893600,17925,3016740,18719,,,,,,75134,605,"2,49%","2,60%","3,23%","3,38%",2941606,18114,,18 237,"2,89%",,,
,15.09,2914967,21367,3038652,21912,,,,,,75734,600,"2,49%","2,60%","2,74%","2,81%",2962918,21312,,18 034,"3,02%",,,
,16.09,2936840,21873,3060844,22192,,,,,,76571,837,"2,50%","2,61%","3,77%","3,83%",2984273,21355,,18 536,"3,17%",,,
,17.09,2957030,20190,3081867,21023,,,,,,77328,757,"2,51%","2,62%","3,60%","3,75%",3004539,20266,,18 876,"3,23%",,,
,18.09,2976527,19497,3101907,20040,,,,,,78330,1002,"2,53%","2,63%","5,00%","5,14%",3023577,19038,,18 717,"3,54%",,,
,19.09,2995131,18604,3120895,18988,,,,,,79240,910,"2,54%","2,65%","4,79%","4,89%",3041655,18078,,19 358,"3,73%",,,
,20.09,3006973,11842,3133119,12224,,,,,,79988,748,"2,55%","2,66%","6,12%","6,32%",3053131,11476,,19 300,"4,18%",,,
,21.09,3027118,20145,3155718,22599,,,,,,80699,711,"2,56%","2,67%","3,15%","3,53%",3075019,21888,,19 854,"4,17%",,,
,22.09,3048348,21230,3177776,22058,,,,,,81673,974,"2,57%","2,68%","4,42%","4,59%",3096103,21084,,19 875,"4,41%",,,
,23.09,3071718,23370,3201501,23725,,,,,,82809,1136,"2,59%","2,70%","4,79%","4,86%",3118692,22589,,20 094,"4,55%",,,
,24.09,3095373,23655,3225733,24232,,,,,,84396,1587,"2,62%","2,73%","6,55%","6,71%",3141337,22645,,20 552,"4,97%",,,
,25.09,3117767,22394,3249023,23290,,,,,,85980,1584,"2,65%","2,76%","6,80%","7,07%",3163043,21706,,21 017,"5,23%",,,
,26.09,3136297,18530,3267844,18821,,,,,,87330,1350,"2,67%","2,78%","7,17%","7,29%",3180514,17471,,20 993,"5,57%",,,
,27.09,3149201,12904,3281311,13467,,,,,,88636,1306,"2,70%","2,81%","9,70%","10,12%",3192675,12161,,21 170,"6,08%",,,
,28.09,3171562,22361,3304430,23119,,,14776,n/a,"225,52%",89962,1326,"2,72%","2,84%","5,74%","5,93%",3214468,21793,,21 245,"6,45%",,,
,29.09,3197636,26074,3332451,28021,,,16688,1912,,91514,1552,"2,75%","2,86%","5,54%","5,95%",3240937,26469,,22 096,"6,61%",,,
,30.09,3226595,28959,3362066,29615,,,18841,2153,,93481,1967,"2,78%","2,90%","6,64%","6,79%",3268585,27648,,22 938,"6,88%",,,
,01.10,3253095,26500,3390790,28724,,,21152,2311,,95773,2292,"2,82%","2,94%","7,98%","8,65%",3295017,26432,,23 580,"7,08%",,,
,02.10,3282541,29446,3421305,30515,,,24583,3431,,98140,2367,"2,87%","2,99%","7,76%","8,04%",3323165,28148,,24 612,"7,22%",,,
,03.10,3307795,25254,3447281,25976,,,24707,124,,100074,1934,"2,90%","3,03%","7,45%","7,66%",3347207,24042,,25 634,"7,26%",,,
,04.10,3325513,17718,3465605,18324,,,24794,87,,102080,2006,"2,95%","3,07%","10,95%","11,32%",3363525,16318,,26 328,"7,44%",,,
,05.10,3348809,23296,3489641,24036,,,32965,8171,,104316,2236,"2,99%","3,12%","9,30%","9,60%",3385325,21800,,26 459,"7,94%",,,
,06.10,3381227,32418,3533697,44056,,,39189,6224,,107319,3003,"3,04%","3,17%","6,82%","9,26%",3426378,41053,,28 749,"8,13%",,,
,07.10,3423975,42748,3577810,44113,,,46391,7202,"234,51%",111599,4280,"3,12%","3,26%","9,70%","10,01%",3466211,39833,,30 821,"8,56%",,,
,08.10,3455011,31036,3608622,30812,,,54769,8378,"262,53%",116338,4739,"3,22%","3,37%","15,38%","15,27%",3492284,26073,,31 119,"9,62%",,,
,09.10,3490970,35959,3636850,28228,,,65575,10806,"214,95%",121638,5300,"3,34%","3,48%","18,78%","14,74%",3515212,22928,,30 792,"11,20%",,,
,10.10,3521257,30287,3668030,31180,,,65918,343,"176,61%",125816,4178,"3,43%","3,57%","13,40%","13,79%",3542214,27002,,31 536,"12,05%",,,
,11.10,3545486,24229,3693108,25078,,,66103,185,"112,64%",130210,4394,"3,53%","3,67%","17,52%","18,14%",3562898,20684,,32 500,"12,99%",,,
,12.10,3577867,32381,3726959,33851,,,90174,24071,"194,59%",135278,5068,"3,63%","3,78%","14,97%","15,65%",3591681,28783,,33 903,"13,80%",,,
,13.10,3620572,42705,3770811,43852,,,106181,16007,"157,18%",141804,6526,"3,76%","3,92%","14,88%","15,28%",3629007,37326,,33 873,"14,95%",,,
,14.10,3682787,62215,3835329,64518,,,123840,17659,"145,20%",149903,8099,"3,91%","4,07%","12,55%","13,02%",3685426,56419,,36 788,"15,35%",,,
,15.10,3732187,49400,3886154,50825,,,143248,19408,"131,65%",157608,7705,"4,06%","4,22%","15,16%","15,60%",3728546,43120,,39 647,"15,32%",,,
,16.10,3779791,47604,3935143,48989,,,164843,21595,"99,84%",167230,9622,"4,25%","4,42%","19,64%","20,21%",3767913,39367,,42 613,"15,45%",,,
,17.10,3814664,34873,3972432,37289,,,165417,574,"67,35%",175766,8536,"4,42%","4,61%","22,89%","24,48%",3796666,28753,,43 486,"16,80%",,,
,18.10,3850147,35483,4008471,36039,,,165951,534,"188,65%",183248,7482,"4,57%","4,76%","20,76%","21,09%",3825223,28557,,45 052,"17,27%",,,
,19.10,3889947,39800,4050049,41578,,,208995,43044,"78,82%",192539,9291,"4,75%","4,95%","22,35%","23,34%",3857510,32287,,46 156,"18,32%",,,
,20.10,3948032,58085,4109390,59341,,,239791,30796,"92,39%",202579,10040,"4,93%","5,13%","16,92%","17,29%",3906811,49301,,48 368,"18,61%",,,
,21.10,3996745,48713,4159590,50200,,,273898,34107,"93,14%",214686,12107,"5,16%","5,37%","24,12%","24,85%",3944904,38093,,46 323,"20,26%",,,
,22.10,4056555,59810,4221711,62121,,,311270,37372,"92,56%",228318,13632,"5,41%","5,63%","21,94%","22,79%",3993393,48489,,47 937,"21,23%",,,
,23.10,4110475,53920,4277063,55352,,,354852,43582,"101,82%",241946,13628,"5,66%","5,89%","24,62%","25,27%",4035117,41724,,48 846,"21,94%",,,
,24.10,4163105,52630,4330602,53539,,,356009,1157,"101,57%",253688,11742,"5,86%","6,09%","21,93%","22,31%",4076914,41797,,51 167,"21,81%",,,
,25.10,4212348,49243,4381009,50407,,,356685,676,"26,59%",263929,10241,"6,02%","6,27%","20,32%","20,80%",4117080,40166,,53 220,"21,74%",,,
,26.10,4276444,64096,4447071,66062,,,430425,73740,"71,31%",280229,16300,"6,30%","6,55%","24,67%","25,43%",4166842,49762,,56 717,"22,07%",,,
,27.10,4335589,59145,4507678,60607,,,483149,52724,"71,20%",299049,18820,"6,63%","6,90%","31,05%","31,82%",4208629,41787,,56 898,"24,09%",,,
,28.10,4404544,68955,4575570,67892,,,525646,42497,"24,60%",319205,20156,"6,98%","7,25%","29,69%","29,23%",4256365,47736,,59 426,"24,89%",,,
,29.10,4480103,75559,4653611,78041,,,564481,38835,"3,91%",340834,21629,"7,32%","7,61%","27,71%","28,63%",4312777,56412,,61 700,"25,71%",,,
,30.10,4536794,56691,4713406,59795,,,604402,39921,"-8,40%",362731,21897,"7,70%","8,00%","36,62%","38,63%",4350675,37898,,62 335,"27,43%",,,
,31.10,4585135,48341,4763377,49971,,,605157,755,"-34,75%",379902,17171,"7,98%","8,29%","34,36%","35,52%",4383475,32800,,61 825,"29,20%",,,
,01.11,4649236,64101,4828389,65012,,,605665,508,"-24,85%",395480,15578,"8,19%","8,51%","23,96%","24,30%",4432909,49434,,63 911,"29,72%",,,
,02.11,4712224,62988,4894181,65792,,,672388,66723,"-9,52%",414844,19364,"8,48%","8,80%","29,43%","30,74%",4479337,46428,,63 873,"30,40%",,,
,03.11,4779914,67690,4963261,69080,,,717981,45593,"-13,53%",439536,24692,"8,86%","9,20%","35,74%","36,48%",4523725,44388,,65 083,"31,07%",,,
,04.11,4845330,65416,5030381,67120,,,756649,38668,"-9,01%",466679,27143,"9,28%","9,63%","40,44%","41,49%",4563702,39977,,64 973,"32,61%",,,
,05.11,4919545,74215,5113336,82955,,,792005,35356,"-8,96%",493765,27086,"9,66%","10,04%","32,65%","36,50%",4619571,55869,,65 675,"33,32%",,,
,06.11,4985060,65515,5180150,66814,,,827541,35536,"-10,98%",521640,27875,"10,07%","10,46%","41,72%","42,55%",4658510,38939,,66 678,"34,04%",,,
,07.11,5044824,59764,5241205,61055,,,828260,719,"-4,77%",546425,24785,"10,43%","10,83%","40,59%","41,47%",4694780,36270,,68 261,"34,93%",,,
,08.11,5086938,42114,5284661,43456,,,828656,396,"-22,05%",568138,21713,"10,75%","11,17%","49,97%","51,56%",4716523,21743,,65 182,"38,65%",,,
,09.11,5140451,53513,5339362,54701,,,882970,54314,"-18,60%",593592,25454,"11,12%","11,55%","46,53%","47,57%",4745770,29247,,63 597,"41,09%",,,
,10.11,5192470,52019,5392636,53274,,,918601,35631,"-21,85%",618813,25221,"11,48%","11,92%","47,34%","48,48%",4773823,28053,,61 339,"42,75%",,,
,11.11,5248818,56348,5449885,57249,,,919026,425,"-98,90%",641496,22683,"11,77%","12,22%","39,62%","40,26%",4808389,34566,,59 929,"42,63%",,,
,12.11,5304785,55967,5507437,57552,,,958628,39602,"12,01%",665547,24051,"12,08%","12,55%","41,79%","42,97%",4841890,33501,,56 300,"43,94%",,,
,13.11,5359757,54972,5563521,56084,,,990347,31719,"-10,74%",691118,25571,"12,42%","12,89%","45,59%","46,52%",4872403,30513,,54 767,"44,49%",,,
,14.11,5405065,45308,5610128,46607,,,990988,641,"-10,85%",712972,21854,"12,71%","13,19%","46,89%","48,23%",4897156,24753,,52 703,"45,39%",,,
,15.11,5439161,34096,5645233,35105,,,991537,549,"38,64%",733788,20816,"13,00%","13,49%","59,30%","61,05%",4911445,14289,,51 510,"46,72%",,,
,16.11,5480117,40956,5687216,41983,,,1042302,50765,"-6,53%",752940,19152,"13,24%","13,74%","45,62%","46,76%",4934276,22831,,49 693,"46,59%",,,
,17.11,5535846,55729,5744228,57012,,,1072960,30658,"-13,96%",772823,19883,"13,45%","13,96%","34,88%","35,68%",4971405,37129,,50 227,"44,81%",,,
,18.11,5592687,56841,5802239,58011,,,1100118,27158,"6290,12%",796798,23975,"13,73%","14,25%","41,33%","42,18%",5005441,34036,,50 336,"45,06%",,,
,19.11,5646377,53690,5857287,55048,,,1125085,24967,"-36,96%",819262,22464,"13,99%","14,51%","40,81%","41,84%",5038025,32584,,49 979,"44,92%",,,
,20.11,5688791,42414,5901232,43945,,,1149552,24467,"-22,86%",843475,24213,"14,29%","14,83%","55,10%","57,09%",5057757,19732,,48 244,"46,27%",,,
,21.11,5730736,41945,5944092,42860,,,1150313,761,"18,72%",861331,18467,"14,49%","15,03%","43,09%","44,03%",5082761,24393,,47 709,"45,73%",,,
,22.11,5757602,26866,5971590,27498,,,1150599,286,"-47,91%",876333,15002,"14,68%","15,22%","54,56%","55,84%",5095257,12496,,46 622,"45,05%",,,
,23.11,5790445,32843,6005307,33717,,,1189813,39214,"-22,75%",886472,10139,"14,76%","15,31%","30,07%","30,87%",5118835,23578,,45 442,"42,83%",,,
!,24.11,5837721,47276,6053741,48434,,,1212731,22918,"-25,25%",901834,15362,"14,90%","15,45%","31,72%","32,49%",5151907,33072,,44 216,"42,38%",,,
,25.11,5881914,44193,6098759,45018,,,1233669,20938,"-22,90%",918521,16687,"15,06%","15,62%","37,07%","37,76%",5180238,28331,,42 360,"41,77%",,,
,26.11,5927378,45464,6145092,46333,,,1254076,20407,"-18,26%",935581,17060,"15,22%","15,78%","36,82%","37,52%",5209511,29273,,41 115,"41,20%",,,
,27.11,5968348,40970,6187205,42113,,,1274491,20415,"-16,56%",950759,15178,"15,37%","15,93%","36,04%","37,05%",5236446,26935,,40 853,"38,48%",,,
,28.11,5992512,24164,6211836,24631,,,1274884,393,"-48,36%",962242,11483,"15,49%","16,06%","46,62%","47,52%",5249594,13148,,38 249,"39,0%",,,
,29.11,6017175,24663,6236988,25152,,,1275160,276,"-3,50%",967975,5733,"15,52%","16,09%","22,79%","23,25%",5269013,19419,,37 914,"34,4%",,,
,30.11,6054813,37638,6275392,38404,,,1307275,32115,"-18,10%",977080,9105,"15,57%","16,14%","23,71%","24,19%",5298312,29299,,38 584,"33,5%",,,
,01.12,6095913,41100,6317532,42140,9022,"21,41%",1327107,19832,"-13,47%",990935,13855,"15,69%","16,26%","32,88%","33,71%",5326597,28285,,37 684,"33,7%",,,
,02.12,6133163,37250,6355941,38409,8686,"22,61%",1345536,18429,"-11,98%",1005773,14838,"15,82%","16,40%","38,63%","39,83%",5350168,23571,,36 740,"33,9%",,,
,03.12,6172722,39559,6396712,40771,8854,"21,72%",1362763,17227,"-15,58%",1019012,13239,"15,93%","16,51%","32,47%","33,47%",5377700,27532,,35 946,"33,3%",,,
,04.12,6207568,34846,6432494,35782,10190,"28,48%",1380086,17323,"-15,15%",1031442,12430,"16,03%","16,62%","34,74%","35,67%",5401052,23352,,35 041,"33,1%",,,
,05.12,6230744,23176,6456364,23870,4028,"16,87%",1380496,410,"4,33%",1040618,9176,"16,12%","16,70%","38,44%","39,59%",5415746,14694,,34 933,"32,0%",,,
,06.12,6249735,18991,6476569,20205,3654,"18,08%",1380810,314,"13,77%",1045041,4423,"16,14%","16,72%","21,89%","23,29%",5431528,15782,,34 226,"31,8%",,,
,07.12,6278952,29217,6506710,30141,16198,"53,74%",1410241,29431,"-8,36%",1053353,8312,"16,19%","16,78%","27,58%","28,45%",5453357,21829,,33 045,"32,4%",,,
,08.12,6319309,40357,6547891,41181,11168,"27,12%",1428138,17897,"-9,76%",1065521,12168,"16,27%","16,86%","29,55%","30,15%",5482370,29013,,32 908,"31,9%",,,
,09.12,6356826,37517,6586361,38470,10433,"27,12%",1444946,16808,"-8,80%",1079270,13749,"16,39%","16,98%","35,74%","36,65%",5507091,24721,,32 917,"31,5%",,,
,10.12,6390062,33236,6620376,34015,11269,"33,13%",1461476,16530,"-4,05%",1092380,13110,"16,50%","17,09%","38,54%","39,45%",5527996,20905,,31 952,"32,4%",,,
,11.12,6422744,32682,6653788,33412,11727,"35,10%",1478177,16701,"-3,59%",1103877,11497,"16,59%","17,19%","34,41%","35,18%",5549911,21915,,31 613,"32,3%",,,
,12.12,6444285,21541,6675849,22061,5739,"26,01%",1478550,373,"-9,02%",1112854,8977,"16,67%","17,27%","40,69%","41,67%",5562995,13084,,31 355,"32,6%",,,
,13.12,6463741,19456,6695762,19913,5885,"29,55%",1478882,332,"5,73%",1117750,4896,"16,69%","17,29%","24,59%","25,16%",5578012,15017,,31 313,"33,0%",,,
,14.12,6493573,29832,6726375,30613,14351,"46,88%",1505555,26673,"-9,37%",1124657,6907,"16,72%","17,32%","22,56%","23,15%",5601718,23706,,31 381,"32,3%",,,
,15.12,6534626,41053,6768498,42123,13100,"31,10%",1522325,16770,"-6,30%",1137111,12454,"16,80%","17,40%","29,57%","30,34%",5631387,29669,,31 515,"32,3%",,,
,16.12,6570637,36011,6805515,37017,12280,"33,17%",1538639,16314,"-2,94%",1149064,11953,"16,88%","17,49%","32,29%","33,19%",5656451,25064,,31 308,"31,8%",,,
,17.12,6603657,33020,6839477,33962,12437,"36,62%",1554616,15977,"-3,35%",1160077,11013,"16,96%","17,57%","32,43%","33,35%",5679400,22949,,31 300,"30,9%",,,
,18.12,6632735,29078,6869796,30319,11820,"38,99%",1571687,17071,"2,22%",1171344,11267,"17,05%","17,66%","37,16%","38,75%",5698452,19052,,30 858,"31,3%",,,
,19.12,6654502,21767,6891956,22160,6166,"27,82%",1572265,578,"54,96%",1179938,8594,"17,12%","17,73%","38,78%","39,48%",5712018,13566,,30 872,"31,1%",,,
,20.12,6673403,18901,6911513,19557,5175,"26,46%",1572677,412,"24,10%",1184571,4633,"17,14%","17,75%","23,69%","24,51%",5726942,14924,,30 822,"30,9%",,,
,21.12,6702255,28852,6941394,29881,13951,"46,69%",1600343,27666,"3,72%",1191763,7192,"17,17%","17,78%","24,07%","24,93%",5749631,22689,,30 717,"31,1%",,,
,22.12,6735480,33225,6976460,35066,12775,"36,43%",1618930,18587,"10,83%",1204124,12361,"17,26%","17,88%","35,25%","37,20%",5772336,22705,,29 709,"32,0%",,,
,23.12,6771320,35840,7012133,35673,11964,"33,54%",1634644,15714,"-3,68%",1217239,13115,"17,36%","17,98%","36,76%","36,59%",5794894,22558,,29 517,"32,6%",,,
,24.12,6791755,20435,7033135,21002,7279,"34,66%",1642812,8168,"-48,88%",1226316,9077,"17,44%","18,06%","43,22%","44,42%",5806819,11925,,27 665,"34,1%",,,
,25.12,6805821,14066,7047712,14577,5295,"36,32%",1643116,304,"-98,22%",1231364,5048,"17,47%","18,09%","34,63%","35,89%",5816348,9529,,25 417,"33,8%",,,
,26.12,6818275,12454,7061973,14261,5859,"41,08%",1643468,352,"-39,10%",1235042,3678,"17,49%","18,11%","25,79%","29,53%",5826931,10583,,24 288,"31,9%",,,
,27.12,6834271,15996,7078555,16582,6453,"38,92%",1643861,393,"-4,61%",1238253,3211,"17,49%","18,12%","19,36%","20,07%",5840302,13371,,23 863,"31,3%",,,
,28.12,6867381,33110,7112203,33648,15569,"46,27%",1673972,30111,"8,84%",1246167,7914,"17,52%","18,15%","23,52%","23,90%",5866036,25734,,24 401,"31,2%",,,
,29.12,6902450,35069,7150261,38058,14134,"37,14%",1693001,19029,"2,38%",1259122,12955,"17,61%","18,24%","34,04%","36,94%",5891139,25103,,24 829,"31,0%",,,
,30.12,6941502,39052,7203973,53712,13247,"24,66%",1710912,17911,"13,98%",1272519,13397,"17,66%","18,33%","24,94%","34,31%",5931454,40315,,27 406,"29,4%",,,
,31.12,6988226,46724,7250697,46724,11410,"24,42%",1724962,14050,"72,01%",1283527,11008,"17,70%","18,37%","23,56%","23,56%",5967170,35716,,31 080,"26,5%",,,
,01.01,7015830,27604,7278301,31461,6030,"19,17%",1725403,441,"45,07%",1293412,9885,"17,77%","18,44%","31,42%","35,81%",5984889,21576,,33 492,"26,1%",,,
,02.01,7045448,29618,7307919,29618,8213,"27,73%",1726075,672,"90,91%",1299151,5739,"17,78%","18,44%","19,38%","19,38%",6008768,23879,,35 686,"25,2%",,,
,03.01,7070884,25436,7333355,25436,6875,"27,03%",1726413,338,"-13,99%",1303583,4432,"17,78%","18,44%","17,42%","17,42%",6029772,21004,,36 951,"24,9%",,,
,04.01,7119350,48466,7381821,48466,18538,"38,25%",1759479,33066,"9,81%",1311207,7624,"17,76%","18,42%","15,73%","15,73%",6070614,40842,,39 068,"23,8%",,,
,05.01,7181108,61758,7443579,61758,16217,"26,26%",1778827,19348,"1,68%",1325358,14151,"17,81%","18,46%","22,91%","22,91%",6118221,47607,,42 454,"22,2%",,,
,06.01,7227865,46757,7490336,46757,16217,"34,68%",1779143,316,"-98,24%",1337412,12054,"17,86%","18,50%","25,78%","25,78%",6152924,34703,,41 460,"22,3%",,,
,07.01,7278042,50177,7540513,50177,15746,"31,38%",1801220,22077,"57,13%",1346202,8790,"17,85%","18,50%","17,52%","17,52%",6194311,41387,,41 953,"21,5%",,,
,08.01,7336413,58371,7598884,58371,15792,"27,05%",1817649,16429,"3625,40%",1356750,10548,"17,85%","18,49%","18,07%","18,07%",6242134,47823,,45 798,"19,5%",,,
,09.01,7380144,43731,7642615,43731,8712,"19,92%",1818064,415,"-38,24%",1366160,9410,"17,88%","18,51%","21,52%","21,52%",6276455,34321,,47 814,"19,9%",,,
,10.01,7395379,15235,7668766,26151,6888,"26,34%",1818336,272,"-19,53%",1370782,4622,"17,87%","18,54%","17,67%","30,34%",6297984,21529,,47 916,"19,9%",,,
,11.01,7444872,49493,7718916,50150,15967,"31,84%",1840653,22317,"-32,51%",1376351,5569,"17,83%","18,49%","11,10%","11,25%",6342565,44581,,48 156,"19,2%",,,
,12.01,7518245,73373,7792827,73911,13933,"18,85%",1854388,13735,"-29,01%",1385404,9053,"17,78%","18,43%","12,25%","12,34%",6407423,64858,,49 893,"17,7%",,,
,13.01,7597035,78790,7872232,79405,13728,"17,29%",1866655,12267,"3781,96%",1394840,9436,"17,72%","18,36%","11,88%","11,98%",6477392,69969,,54 557,"15,7%",,,
,14.01,7669669,72634,7945353,73121,13381,"18,30%",1878211,11556,"-47,66%",1402635,7795,"17,65%","18,29%","10,66%","10,73%",6542718,65326,,57 834,"14,7%",,,
,15.01,7738223,68554,8014701,69348,10694,"15,42%",1889341,11130,"-32,25%",1410047,7412,"17,59%","18,22%","10,69%","10,81%",6604654,61936,,59 402,"13,7%",,,
,16.01,7792978,54755,8069948,55247,9792,"17,72%",1889635,294,"-29,16%",1416102,6055,"17,55%","18,17%","10,96%","11,06%",6653846,49192,,61 048,"12,2%",,,
,17.01,7817822,24844,8095122,25174,6123,"24,32%",1889852,217,"-20,22%",1419373,3271,"17,53%","18,16%","12,99%","13,17%",6675749,21903,,60 908,"11,5%",,,
,18.01,7865392,47570,8143530,48408,16735,"34,57%",1906935,17083,"-23,45%",1424208,4835,"17,49%","18,11%","9,99%","10,16%",6719322,43573,,60 659,"11,3%",,,
,19.01,7913249,47857,8191847,48317,13723,"28,40%",1918142,11207,"-18,41%",1431127,6919,"17,47%","18,09%","14,32%","14,46%",6760720,41398,,57 003,"11,6%",,,
,20.01,7959920,46671,8238988,47141,14499,"30,76%",1929089,10947,"-10,76%",1438279,7152,"17,46%","18,07%","15,17%","15,32%",6800709,39989,,52 394,"12,1%",,,
,21.01,8004375,44455,8284096,45108,13547,"30,03%",1939900,10811,"-6,45%",1444919,6640,"17,44%","18,05%","14,72%","14,94%",6839177,38468,,48 392,"12,7%",,,
,22.01,8048346,43971,8328586,44490,12824,"28,82%",1950570,10670,"-4,13%",1451241,6322,"17,42%","18,03%","14,21%","14,38%",6877345,38168,,44 841,"13,2%",,,
,23.01,8079091,30745,8359551,30965,7129,"23,02%",1950877,307,"4,42%",1455924,4683,"17,42%","18,02%","15,12%","15,23%",6903627,26282,,41 372,"13,8%",,,
,24.01,8098827,19736,8379496,19945,6527,"32,72%",1951070,193,"-11,06%",1458343,2419,"17,40%","18,01%","12,13%","12,26%",6921153,17526,,40 625,"13,7%",,,
,25.01,8140873,42046,8422165,42669,15022,"35,21%",1968759,17689,"3,55%",1462947,4604,"17,37%","17,97%","10,79%","10,95%",6959218,38065,,39 805,"13,8%",,,
,26.01,8187544,46671,8469571,47406,13874,"29,27%",1979991,11232,"0,22%",1469736,6789,"17,35%","17,95%","14,32%","14,55%",6999835,40617,,39 675,"13,8%",,,
,27.01,8234417,46873,8517260,47689,13810,"28,96%",1990677,10686,"-2,38%",1476892,7156,"17,34%","17,94%","15,01%","15,27%",7040368,40533,,39 753,"13,8%",,,
,28.01,8278718,44301,8562280,45020,14198,"31,54%",2001084,10407,"-3,74%",1483036,6144,"17,32%","17,91%","13,65%","13,87%",7079244,38876,,39 741,"13,6%",,,
,29.01,8323108,44390,8607185,44905,13485,"30,03%",2012215,11131,"4,32%",1488900,5864,"17,30%","17,89%","13,06%","13,21%",7118285,39041,,39 800,"13,4%",,,
,30.01,8355128,32020,8639461,32276,7644,"23,68%",2012475,260,"-15,31%",1493606,4706,"17,29%","17,88%","14,58%","14,70%",7145855,27570,,39 987,"13,4%",,,
,31.01,8376500,21372,8661072,21611,7338,"33,95%",2012664,189,"-2,07%",1496109,2503,"17,27%","17,86%","11,58%","11,71%",7164963,19108,,40 225,"13,3%",,,
,01.02,8418114,41614,8703118,42046,15459,"36,77%",2030440,17776,"0,49%",1500435,4326,"17,24%","17,82%","10,29%","10,40%",7202683,37720,,40 136,"13,2%",,,
,02.02,8464718,46604,8750326,47208,14201,"30,08%",2042162,11722,"4,36%",1507237,6802,"17,22%","17,81%","14,41%","14,60%",7243089,40406,,40 108,"13,2%",,,
,03.02,8508292,43574,8794269,43943,13218,"30,08%",2053309,11147,"4,31%",1513733,6496,"17,21%","17,79%","14,78%","14,91%",7280536,37447,,39 573,"13,2%",,,
,04.02,8549490,41198,8835802,41533,13841,"33,33%",2064307,10998,"5,68%",1519786,6053,"17,20%","17,78%","14,57%","14,69%",7316016,35480,,39 075,"13,3%",,,
,05.02,8593146,43656,8880135,44333,13153,"29,67%",2075712,11405,"2,46%",1525812,6026,"17,18%","17,76%","13,59%","13,80%",7354323,38307,,38 993,"13,4%",,,
,06.02,8624151,31005,8911488,31353,7367,"23,50%",2075955,243,"-6,54%",1530540,4728,"17,17%","17,75%","15,08%","15,25%",7380948,26625,,38 861,"13,5%",,,
,07.02,8644972,20821,8932555,21067,7600,"36,08%",2076129,174,"-7,94%",1532971,2431,"17,16%","17,73%","11,54%","11,68%",7399584,18636,,38 783,"13,5%",,,
,08.02,8687929,42957,8976048,43493,14907,"34,27%",2094633,18504,"4,10%",1537000,4029,"17,12%","17,69%","9,26%","9,38%",7439048,39464,,38 990,"13,3%",,,
,09.02,8739528,51599,9028104,52056,13518,"25,97%",2106615,11982,"2,22%",1543930,6930,"17,10%","17,67%","13,31%","13,43%",7484174,45126,,39 683,"13,2%",,,
,10.02,8790724,51196,9079794,51690,13724,"26,55%",2118733,12118,"8,71%",1550938,7008,"17,08%","17,64%","13,56%","13,69%",7528856,44682,,40 789,"13,0%",,,
,11.02,8838972,48248,9128691,48897,14353,"29,35%",2130262,11529,"4,83%",1557317,6379,"17,06%","17,62%","13,05%","13,22%",7571374,42518,,41 841,"12,8%",,,
,12.02,8887966,48994,9178403,49712,14886,"29,94%",2142065,11803,"3,49%",1563903,6586,"17,04%","17,60%","13,25%","13,44%",7614500,43126,,42 610,"12,7%",,,
,13.02,8922096,34130,9212969,34566,8121,"23,49%",2142349,284,"16,87%",1569237,5334,"17,03%","17,59%","15,43%","15,63%",7643732,29232,,43 069,"12,8%",,,
,14.02,8944456,22360,9235525,22556,7688,"34,08%",2142524,175,"0,57%",1571780,2543,"17,02%","17,57%","11,27%","11,37%",7663745,20013,,43 281,"12,7%",,,
,15.02,8990197,45741,9281766,46241,17216,"37,23%",2164479,21955,"18,65%",1576958,5178,"16,99%","17,54%","11,20%","11,32%",7704808,41063,,43 674,"13,0%",,,
,16.02,9044465,54268,9336547,54781,15869,"28,97%",2179439,14960,"24,85%",1585652,8694,"16,98%","17,53%","15,87%","16,02%",7750895,46087,,44 063,"13,4%",,,
,17.02,9098024,53559,9390624,54077,14880,"27,52%",2194176,14737,"21,61%",1594725,9073,"16,98%","17,53%","16,78%","16,94%",7795899,45004,,44 404,"13,8%",,,
,18.02,9147093,49069,9440073,49449,14832,"29,99%",2208683,14507,"25,83%",1603502,8777,"16,99%","17,53%","17,75%","17,89%",7836571,40672,,44 483,"14,5%",,,
,19.02,9197128,50035,9490578,50505,15111,"29,92%",2224192,15509,"31,40%",1612012,8510,"16,99%","17,53%","16,85%","17,01%",7878566,41995,,44 596,"15,0%",,,
,20.02,9234183,37055,9527985,37407,9736,"26,03%",2224606,414,"45,77%",1619050,7038,"16,99%","17,53%","18,81%","18,99%",7908935,30369,,45 002,"15,5%",,,
,21.02,9258891,24708,9552909,24924,8329,"33,42%",2224849,243,"38,86%",1622940,3890,"16,99%","17,53%","15,61%","15,74%",7929969,21034,,45 341,"16,1%",,,
,22.02,9300399,41508,9594884,41975,14777,"35,20%",2251584,26735,"21,77%",1629250,6310,"16,98%","17,52%","15,03%","15,20%",7965634,35665,,44 731,"16,7%",,,
,23.02,9361567,61168,9656731,61847,20318,"32,85%",2269595,18011,"20,39%",1641396,12146,"17,00%","17,53%","19,64%","19,86%",8015335,49701,,45 741,"17,2%",,,
,24.02,9418440,56873,9714184,57453,15706,"27,34%",2287542,17947,"21,78%",1653538,12142,"17,02%","17,56%","21,13%","21,35%",8060646,45311,,46 223,"17,8%",,,
,25.02,9471208,52768,9767553,53369,16465,"30,85%",2305531,17989,"24,00%",1665077,11539,"17,05%","17,58%","21,62%","21,87%",8102476,41830,,46 783,"18,4%",,,
,26.02,9527653,56445,9824524,56971,17022,"29,88%",2325023,19492,"25,68%",1677177,12100,"17,07%","17,60%","21,24%","21,44%",8147347,44871,,47 707,"19,0%",,,
,27.02,9571171,43518,9868422,43898,10210,"23,26%",2325494,471,"13,77%",1687276,10099,"17,10%","17,63%","23,01%","23,21%",8181146,33799,,48 634,"19,6%",,,
,28.02,9597667,26496,9895192,26770,8937,"33,38%",2325792,298,"22,63%",1692062,4786,"17,10%","17,63%","17,88%","18,06%",8203130,21984,,48 898,"19,9%",,,
,01.03,9647178,49511,9945404,50212,19307,"38,45%",2359647,33855,"26,63%",1699999,7937,"17,09%","17,62%","15,81%","16,03%",8245405,42275,,50 074,"20,0%",,,
,02.03,9709247,62069,10008084,62680,17509,"27,93%",2382914,23267,"29,18%",1715697,15698,"17,14%","17,67%","25,04%","25,29%",8292387,46982,,50 193,"20,8%",,,
,03.03,9771618,62371,10070976,62892,17127,"27,23%",2406123,23209,"29,32%",1730947,15250,"17,19%","17,71%","24,25%","24,45%",8340029,47642,,50 970,"21,3%",,,
,04.03,9830224,58606,10130094,59118,15865,"26,84%",2429966,23843,"32,54%",1746776,15829,"17,24%","17,77%","26,78%","27,01%",8383318,43289,,51 792,"22,0%",,,
,05.03,9892083,61859,10192522,62428,18100,"28,99%",2455490,25524,"30,95%",1761633,14857,"17,28%","17,81%","23,80%","24,02%",8430889,47571,,52 571,"22,4%",,,
,06.03,9941773,49690,10242519,49997,11960,"23,92%",2456146,656,"39,28%",1775207,13574,"17,33%","17,86%","27,15%","27,32%",8467312,36423,,53 442,"23,0%",,,
,07.03,9972993,31220,10274266,31747,11093,"34,94%",2456705,559,"87,58%",1781377,6170,"17,34%","17,86%","19,43%","19,76%",8492889,25577,,54 153,"23,2%",,,
,08.03,10026386,53393,10328276,54010,20891,"38,68%",2499389,42684,"26,08%",1791331,9954,"17,34%","17,87%","18,43%","18,64%",8536945,44056,,54 696,"23,6%",,,
,09.03,10094148,67762,10396659,68383,19405,"28,38%",2531071,31682,"36,17%",1808591,17260,"17,40%","17,92%","25,24%","25,47%",8588068,51123,,55 511,"23,6%",,,
,10.03,10166877,72729,10469991,73332,17985,"24,53%",2561143,30072,"29,57%",1829636,21045,"17,48%","18,00%","28,70%","28,94%",8640355,52287,,57 002,"24,2%",,,
,11.03,10232207,65330,10535957,65966,17942,"27,20%",2593518,32375,"35,78%",1848411,18775,"17,54%","18,06%","28,46%","28,74%",8687546,47191,,57 980,"24,5%",,,
,12.03,10304911,72704,10609077,73120,18703,"25,58%",2628508,34990,"37,09%",1869460,21049,"17,62%","18,14%","28,79%","28,95%",8739617,52071,,59 508,"25,2%",,,
,13.03,10364307,59396,10668987,59910,11821,"19,73%",2629507,999,"52,29%",1886719,17259,"17,68%","18,20%","28,81%","29,06%",8782268,42651,,60 924,"25,4%",,,
,14.03,10406359,42052,10711359,42372,10517,"24,82%",2630187,680,"21,65%",1897615,10896,"17,72%","18,24%","25,72%","25,91%",8813744,31476,,62 442,"26,3%",,,
,15.03,10469604,63245,10775274,63915,23032,"36,04%",2689748,59561,"39,54%",1912011,14396,"17,74%","18,26%","22,52%","22,76%",8863263,49519,,63 857,"26,9%",,,
,16.03,10553760,84156,10860136,84862,20845,"24,56%",2731697,41949,"32,41%",1937063,25052,"17,84%","18,35%","29,52%","29,77%",8923073,59810,,66 211,"27,5%",,,
,17.03,10639405,85645,10946376,86240,18542,"21,50%",2770969,39272,"30,59%",1964341,27278,"17,95%","18,46%","31,63%","31,85%",8982035,58962,,68 055,"27,9%",,,
,18.03,10724813,85408,11032529,86153,19643,"22,80%",2810314,39345,"21,53%",1990339,25998,"18,04%","18,56%","30,18%","30,44%",9042190,60155,,70 939,"28,2%",,,
,19.03,10811734,86921,11120138,87609,19580,"22,35%",2851580,41266,"17,94%",2016744,26405,"18,14%","18,65%","30,14%","30,38%",9103394,61204,,73 009,"28,4%",,,
,20.03,10874141,62407,11183037,62899,11914,"18,94%",2852700,1120,"12,11%",2038593,21849,"18,23%","18,75%","34,74%","35,01%",9144444,41050,,73 436,"29,2%",,,
,21.03,10922632,48491,11232172,49135,14066,"28,63%",2853729,1029,"51,32%",2053171,14578,"18,28%","18,80%","29,67%","30,06%",9179001,34557,,74 402,"29,8%",,,
,22.03,10993720,71088,11304601,72429,24743,"34,16%",2920220,66491,"11,64%",2069912,16741,"18,31%","18,83%","23,11%","23,55%",9234689,55688,,75 618,"29,9%",,,
,23.03,11088912,95192,11400455,95854,23712,"24,74%",2968813,48593,"15,84%",2099890,29978,"18,42%","18,94%","31,27%","31,49%",9300565,65876,,77 188,"30,1%",,,
,24.03,11190985,102073,11503034,102579,21966,"21,41%",3017628,48815,"24,30%",2134041,34151,"18,55%","19,07%","33,29%","33,46%",9368993,68428,,79 523,"30,3%",,,
,25.03,11297602,106617,11610747,107713,24914,"23,13%",3066254,48626,"23,59%",2169184,35143,"18,68%","19,20%","32,63%","32,96%",9441563,72570,,82 603,"30,7%",,,
,26.03,11397901,100299,11711826,101079,23380,"23,13%",3113175,46921,"13,70%",2200941,31757,"18,79%","19,31%","31,42%","31,66%",9510885,69322,,84 527,"30,9%",,,
,27.03,11483912,86011,11798342,86516,14743,"17,04%",3114466,1291,"15,27%",2230194,29253,"18,90%","19,42%","33,81%","34,01%",9568148,57263,,87 901,"30,7%",,,
,28.03,11538248,54336,11853134,54792,11623,"21,21%",3115323,857,"-16,72%",2247159,16965,"18,96%","19,48%","30,96%","31,22%",9605975,37827,,88 709,"30,9%",,,
,29.03,11617563,79315,11933222,80088,27399,"34,21%",3179757,64434,"-3,09%",2268029,20870,"19,01%","19,52%","26,06%","26,31%",9665193,59218,,89 803,"31,3%",,,
,30.03,11719687,102124,12036040,102818,24982,"24,30%",3225029,45272,"-6,83%",2300903,32874,"19,12%","19,63%","31,97%","32,19%",9735137,69944,,90 798,"31,4%",,,
,31.03,11828428,108741,12145470,109430,24421,"22,32%",3264805,39776,"-18,52%",2336154,35251,"19,23%","19,75%","32,21%","32,42%",9809316,74179,,91 777,"31,3%",,,
,01.04,11928751,100323,12246907,101437,27012,"26,63%",3302303,37498,"-22,88%",2366700,30546,"19,32%","19,84%","30,11%","30,45%",9880207,70891,,90 880,"30,9%",,,
,02.04,12022414,93663,12341238,94331,26674,"28,28%",3334327,32024,"-31,75%",2394773,28073,"19,40%","19,92%","29,76%","29,97%",9946465,66258,,89 916,"30,7%",,,
,03.04,12094143,71729,12413519,72281,17948,"24,83%",3335480,1153,"-10,69%",2417720,22947,"19,48%","19,99%","31,75%","31,99%",9995799,49334,,87 882,"30,4%",,,
,04.04,12133197,39054,12452912,39393,15251,"38,72%",3336064,584,"-31,86%",2427622,9902,"19,49%","20,01%","25,14%","25,35%",10025290,29491,,85 683,"29,6%",,,
,05.04,12177640,44443,12497846,44934,22835,"50,82%",3337035,971,"-98,49%",2435867,8245,"19,49%","20,00%","18,35%","18,55%",10061979,36689,,80 661,"28,5%",,,
,06.04,12267012,89372,12588747,90901,45666,"50,24%",3393163,56128,"23,98%",2450777,14910,"19,47%","19,98%","16,40%","16,68%",10137970,75991,,78 958,"26,2%",,,
,07.04,12377637,110625,12700278,111531,38641,"34,65%",3430945,37782,"-5,01%",2478664,27887,"19,52%","20,03%","25,00%","25,21%",10221614,83644,,79 258,"25,2%",,,
,08.04,12483896,106259,12807584,107306,32787,"30,55%",3465916,34971,"-6,74%",2507151,28487,"19,58%","20,08%","26,55%","26,81%",10300433,78819,,80 097,"24,7%",,,
,09.04,12588018,104122,12912603,105019,36638,"34,89%",3498809,32893,"2,71%",2532007,24856,"19,61%","20,11%","23,67%","23,87%",10380596,80163,,81 624,"23,8%",,,
,10.04,12679085,91067,13004473,91870,30745,"33,47%",3500217,1408,"22,12%",2553710,21703,"19,64%","20,14%","23,62%","23,83%",10450763,70167,,84 422,"22,7%",,,
,11.04,12736981,57896,13062929,58456,24433,"41,80%",3500976,759,"29,97%",2565723,12013,"19,64%","20,14%","20,55%","20,75%",10497206,46443,,87 145,"22,0%",,,
,12.04,12817932,80951,13144831,81902,41059,"50,13%",3544698,43722,"4402,78%",2578950,13227,"19,62%","20,12%","16,15%","16,34%",10565881,68675,,92 426,"21,7%",,,
,13.04,12915996,98064,13243930,99099,35794,"36,12%",3573529,28831,"-48,63%",2600233,21283,"19,63%","20,13%","21,48%","21,70%",10643697,77816,,93 598,"22,4%",,,
,14.04,13006467,90471,13335088,91158,28566,"31,34%",3598812,25283,"-33,08%",2621363,21130,"19,66%","20,15%","23,18%","23,36%",10713725,70028,,90 687,"22,2%",,,
,15.04,13088717,82250,13418171,83083,29342,"35,32%",3621725,22913,"-34,48%",2639210,17847,"19,67%","20,16%","21,48%","21,70%",10778961,65236,,87 227,"21,4%",,,
,16.04,13172601,83884,13503602,85431,33534,"39,25%",3643898,22173,"-32,59%",2654973,15763,"19,66%","20,16%","18,45%","18,79%",10848629,69668,,84 428,"20,7%",,,
,17.04,13237466,64865,13569012,65410,24736,"37,82%",3644848,950,"-32,53%",2667126,12153,"19,66%","20,15%","18,58%","18,74%",10901886,53257,,80 648,"20,0%",,,
,18.04,13284747,47281,13616661,47649,19983,"41,94%",3645429,581,"-23,45%",2674409,7283,"19,64%","20,13%","15,28%","15,40%",10942252,40366,,79 105,"19,2%",,,
,19.04,13354451,69704,13687251,70590,35917,"50,88%",3673480,28051,"-35,84%",2683655,9246,"19,61%","20,10%","13,10%","13,26%",11003596,61344,,77 489,"18,8%",,,
,20.04,13432082,77631,13767550,80299,30723,"38,26%",3691962,18482,"-35,90%",2697581,13926,"19,59%","20,08%","17,34%","17,94%",11069969,66373,,74 803,"18,2%",,,
,21.04,13503310,71228,13839288,71738,27075,"37,74%",3711892,19930,"-21,17%",2710343,12762,"19,58%","20,07%","17,79%","17,92%",11128945,58976,,72 029,"17,4%",,,
,22.04,13565303,61993,13901801,62513,22063,"35,29%",3730324,18432,"-19,56%",2721201,10858,"19,57%","20,06%","17,37%","17,51%",11180600,51655,,69 090,"16,8%",,,
,23.04,13634982,69679,13972673,70872,32666,"46,09%",3744644,14320,"-35,42%",2730706,9505,"19,54%","20,03%","13,41%","13,64%",11241967,61367,,67 010,"16,1%",,,
,24.04,13685289,50307,14023812,51139,22154,"43,32%",3745464,820,"-13,68%",2737925,7219,"19,52%","20,01%","14,12%","14,35%",11285887,43920,,64 971,"15,5%",,,
,25.04,13718735,33446,14057613,33801,17019,"50,35%",3745896,432,"-25,65%",2741376,3451,"19,50%","19,98%","10,21%","10,32%",11316237,30350,,62 993,"14,8%",,,
,26.04,13782481,63746,14122423,64810,34093,"52,60%",3766294,20398,"-27,28%",2747085,5709,"19,45%","19,93%","8,81%","8,96%",11375338,59101,,62 167,"14,1%",,,
,27.04,13853359,70878,14194145,71722,30005,"41,84%",3779714,13420,"-27,39%",2755980,8895,"19,42%","19,89%","12,40%","12,55%",11438165,62827,,60 942,"13,4%",,,
,28.04,13918479,65120,14259976,65831,27047,"41,09%",3791579,11865,"-40,47%",2764407,8427,"19,39%","19,86%","12,80%","12,94%",11495569,57404,,60 098,"12,7%",,,
,29.04,13978843,60364,14321250,61274,27358,"44,65%",3802699,11120,"-39,67%",2771203,6796,"19,35%","19,82%","11,09%","11,26%",11550047,54478,,59 921,"11,8%",,,
,30.04,14041166,62323,14384650,63400,29365,"46,32%",3813261,10562,"-26,24%",2777672,6469,"19,31%","19,78%","10,20%","10,38%",11606978,56931,,58 854,"11,4%",,,
,01.05,14084044,42878,14428003,43353,19776,"45,62%",3813836,575,"-29,88%",2782284,4612,"19,28%","19,75%","10,64%","10,76%",11645719,38741,,57 742,"10,9%",,,
,02.05,14114579,30535,14459033,31030,17536,"56,51%",3814315,479,"10,88%",2784809,2525,"19,26%","19,73%","8,14%","8,27%",11674224,28505,,57 346,"10,6%",,,
,03.05,14145372,30793,14490193,31160,16762,"53,79%",3814935,620,"-96,96%",2787105,2296,"19,23%","19,70%","7,37%","7,46%",11703088,28864,,52 539,"10,4%",,,
,04.05,14200822,55450,14546443,56250,30326,"53,91%",3833075,18140,"35,17%",2791001,3896,"19,19%","19,65%","6,93%","7,03%",11755442,52354,,50 328,"9,6%",,,
,05.05,14266710,65888,14613070,66627,31399,"47,13%",3846281,13206,"11,30%",2797432,6431,"19,14%","19,61%","9,65%","9,76%",11815638,60196,,50 442,"9,1%",,,
,06.05,14331563,64853,14678781,65711,30520,"46,45%",3858259,11978,"7,72%",2803479,6047,"19,10%","19,56%","9,20%","9,32%",11875302,59664,,51 076,"8,9%",,,
,07.05,14394369,62806,14742236,63455,30342,"47,82%",3868005,9746,"-7,73%",2808244,4765,"19,05%","19,51%","7,51%","7,59%",11933992,58690,,51 084,"8,5%",,,
,08.05,14445652,51283,14794397,52161,24571,"47,11%",3868578,573,"-0,35%",2812096,3852,"19,01%","19,47%","7,38%","7,51%",11982301,48309,,52 342,"8,0%",,,
,09.05,14482346,36694,14831359,36962,21192,"57,33%",3870703,2125,"343,63%",2814128,2032,"18,97%","19,43%","5,50%","5,54%",12017231,34930,,53 189,"7,6%",,,
,10.05,14544141,61795,14894006,62647,35926,"57,35%",3886121,15418,"2386,77%",2817226,3098,"18,92%","19,37%","4,95%","5,01%",12076780,59549,,57 688,"7,3%",,,
,11.05,14609529,65388,14960240,66234,31603,"47,71%",3896563,10442,"-42,44%",2821481,4255,"18,86%","19,31%","6,42%","6,51%",12138759,61979,,59 114,"7,2%",,,
,12.05,14666237,56708,15017415,57175,26357,"46,10%",3906005,9442,"-28,50%",2825211,3730,"18,81%","19,26%","6,52%","6,58%",12192204,53445,,57 764,"6,8%",,,
,13.05,14726428,60191,15078062,60647,26357,"43,46%",3915464,9459,"-21,03%",2828499,3288,"18,76%","19,21%","5,42%","5,46%",12249563,57359,,57 040,"6,2%",,,
,14.05,14782781,56353,15135124,57062,27782,"48,69%",3923911,8447,"-13,33%",2831395,2896,"18,71%","19,15%","5,08%","5,14%",12303729,54166,,56 127,"5,9%",,,
,15.05,14830984,48203,15184082,48958,24427,"49,89%",3924947,1036,"80,80%",2833562,2167,"18,66%","19,11%","4,43%","4,50%",12350520,46791,,55 669,"5,5%",,,
,16.05,14863706,32722,15217177,33095,18681,"56,45%",3926575,1628,"-23,39%",2834671,1109,"18,63%","19,07%","3,35%","3,39%",12382506,31986,,55 117,"5,2%",,,